PolicyID,CustomerID,PolicyType,ClaimID,ClaimAmount,ClaimStatus,ClaimDate,SettlementDate,RiskCategory,PolicyLapse
POL1000,CUST2000,General,CLM3000,259407.18,Rejected,2023-08-24,,Low,No
POL1001,CUST2001,Life,CLM3001,277060.31,Rejected,2024-02-23,,Medium,No
POL1002,CUST2002,General,CLM3002,432384.1,Pending,2025-07-31,,Low,No
POL1003,CUST2003,Life,CLM3003,82863.05,Rejected,2023-12-28,,High,Yes
POL1004,CUST2004,Life,CLM3004,339433.09,Approved,2024-05-18,2024-06-26,Medium,No
POL1005,CUST2005,Life,CLM3005,345200.01,Approved,2023-10-27,2023-12-19,High,Yes
POL1006,CUST2006,General,CLM3006,404032.25,Rejected,2024-07-29,,High,No
POL1007,CUST2007,General,CLM3007,322381.07,Pending,2024-04-26,,Low,No
POL1008,CUST2008,Life,CLM3008,461119.92,Approved,2024-01-29,2024-02-22,High,No
POL1009,CUST2009,General,CLM3009,246354.57,Pending,2024-06-28,,Low,Yes
POL1010,CUST2010,Life,CLM3010,110623.72,Rejected,2024-05-07,,Low,No
POL1011,CUST2011,General,CLM3011,75481.04,Pending,2024-10-21,,Medium,No
POL1012,CUST2012,General,CLM3012,158017.2,Pending,2025-07-16,,Low,Yes
POL1013,CUST2013,General,CLM3013,193901.33,Approved,2025-07-27,2025-08-08,Medium,Yes
POL1014,CUST2014,Life,CLM3014,474328.86,Rejected,2025-04-21,,Low,Yes
POL1015,CUST2015,General,CLM3015,274747.08,Rejected,2023-09-22,,High,No
POL1016,CUST2016,General,CLM3016,245896.98,Approved,2024-12-17,2025-01-10,Low,No
POL1017,CUST2017,Life,CLM3017,411920.81,Approved,2024-04-13,2024-05-22,Medium,No
POL1018,CUST2018,General,CLM3018,264140.02,Pending,2024-01-09,,Medium,Yes
POL1019,CUST2019,General,CLM3019,477685.86,Approved,2024-11-25,2025-01-17,High,No
POL1020,CUST2020,Life,CLM3020,244273.05,Rejected,2025-05-28,,High,No
POL1021,CUST2021,Life,CLM3021,230858.52,Approved,2024-10-22,2024-12-09,Low,Yes
POL1022,CUST2022,General,CLM3022,134176.89,Approved,2025-07-31,2025-09-07,Medium,Yes
POL1023,CUST2023,General,CLM3023,487038.16,Rejected,2023-12-28,,Medium,No
POL1024,CUST2024,Life,CLM3024,320097.78,Approved,2024-07-02,2024-07-22,High,No
POL1025,CUST2025,General,CLM3025,489108.5,Rejected,2024-04-15,,Medium,No
POL1026,CUST2026,Life,CLM3026,260457.97,Rejected,2024-01-28,,High,No
POL1027,CUST2027,Life,CLM3027,11024.24,Rejected,2024-10-21,,Low,Yes
POL1028,CUST2028,Life,CLM3028,63996.54,Rejected,2023-11-14,,Medium,Yes
POL1029,CUST2029,Life,CLM3029,186040.52,Pending,2024-05-20,,High,Yes
POL1030,CUST2030,Life,CLM3030,66879.43,Approved,2024-08-09,2024-09-20,Low,No
POL1031,CUST2031,General,CLM3031,496272.05,Approved,2023-08-16,2023-09-07,Medium,No
POL1032,CUST2032,General,CLM3032,109015.4,Rejected,2024-12-11,,Medium,No
POL1033,CUST2033,General,CLM3033,148410.35,Rejected,2024-10-20,,High,No
POL1034,CUST2034,General,CLM3034,489500.54,Approved,2024-08-21,2024-09-30,Medium,No
POL1035,CUST2035,General,CLM3035,307516.13,Rejected,2024-12-09,,Medium,No
POL1036,CUST2036,Life,CLM3036,59683.38,Approved,2023-12-11,2024-01-04,High,Yes
POL1037,CUST2037,Life,CLM3037,292943.75,Pending,2024-02-27,,Medium,Yes
POL1038,CUST2038,General,CLM3038,481478.83,Approved,2023-12-05,2024-01-09,Medium,No
POL1039,CUST2039,Life,CLM3039,171890.71,Rejected,2023-09-21,,Low,No
POL1040,CUST2040,General,CLM3040,190139.92,Approved,2024-03-20,2024-05-04,High,Yes
POL1041,CUST2041,General,CLM3041,147730.51,Rejected,2025-06-28,,Low,No
POL1042,CUST2042,General,CLM3042,485647.28,Rejected,2025-05-01,,High,Yes
POL1043,CUST2043,General,CLM3043,46329.67,Approved,2025-01-24,2025-03-22,Low,Yes
POL1044,CUST2044,Life,CLM3044,427351.48,Approved,2024-03-27,2024-05-07,Low,Yes
POL1045,CUST2045,Life,CLM3045,224845.5,Pending,2024-04-19,,Low,Yes
POL1046,CUST2046,Life,CLM3046,408515.56,Approved,2024-10-12,2024-10-29,Low,Yes
POL1047,CUST2047,General,CLM3047,108632.6,Approved,2025-04-20,2025-05-17,Low,Yes
POL1048,CUST2048,Life,CLM3048,90300.7,Pending,2024-03-29,,High,No
POL1049,CUST2049,Life,CLM3049,140077.66,Pending,2023-10-01,,Medium,Yes
POL1050,CUST2050,Life,CLM3050,183251.04,Pending,2024-04-22,,High,No
POL1051,CUST2051,General,CLM3051,226448.19,Approved,2024-09-24,2024-10-19,Low,Yes
POL1052,CUST2052,Life,CLM3052,469167.84,Pending,2025-06-20,,High,No
POL1053,CUST2053,Life,CLM3053,483420.91,Approved,2024-11-09,2024-11-28,Low,Yes
POL1054,CUST2054,General,CLM3054,176981.58,Pending,2025-02-10,,High,Yes
POL1055,CUST2055,Life,CLM3055,424622.52,Approved,2024-01-14,2024-02-03,Medium,No
POL1056,CUST2056,General,CLM3056,334519.24,Approved,2024-11-20,2024-12-07,Low,No
POL1057,CUST2057,General,CLM3057,157610.1,Pending,2024-09-22,,High,No
POL1058,CUST2058,Life,CLM3058,396098.59,Rejected,2024-06-06,,Medium,No
POL1059,CUST2059,Life,CLM3059,123381.71,Rejected,2025-04-28,,High,No
POL1060,CUST2060,General,CLM3060,270439.0,Rejected,2024-11-07,,High,Yes
POL1061,CUST2061,General,CLM3061,81761.96,Pending,2024-03-11,,Low,No
POL1062,CUST2062,General,CLM3062,374865.19,Approved,2025-07-23,2025-08-19,Low,Yes
POL1063,CUST2063,General,CLM3063,276535.08,Pending,2024-05-30,,Medium,Yes
POL1064,CUST2064,Life,CLM3064,219392.18,Pending,2023-11-04,,Medium,No
POL1065,CUST2065,Life,CLM3065,470297.21,Approved,2025-07-30,2025-08-07,Low,Yes
POL1066,CUST2066,Life,CLM3066,49750.6,Rejected,2023-12-14,,High,Yes
POL1067,CUST2067,Life,CLM3067,46936.32,Pending,2023-09-25,,Medium,Yes
POL1068,CUST2068,General,CLM3068,244191.12,Pending,2023-11-30,,Low,No
POL1069,CUST2069,General,CLM3069,318932.24,Approved,2023-09-11,2023-10-15,High,Yes
POL1070,CUST2070,Life,CLM3070,179380.17,Pending,2024-04-27,,Low,No
POL1071,CUST2071,Life,CLM3071,21470.62,Approved,2024-08-22,2024-08-30,Medium,Yes
POL1072,CUST2072,Life,CLM3072,50361.34,Rejected,2024-03-01,,Low,Yes
POL1073,CUST2073,Life,CLM3073,189118.47,Rejected,2023-12-07,,Low,Yes
POL1074,CUST2074,Life,CLM3074,461740.06,Rejected,2025-08-04,,Low,No
POL1075,CUST2075,General,CLM3075,9846.85,Pending,2024-01-21,,Low,Yes
POL1076,CUST2076,General,CLM3076,152199.8,Approved,2025-07-31,2025-08-09,Medium,No
POL1077,CUST2077,General,CLM3077,246864.46,Rejected,2024-12-21,,Medium,Yes
POL1078,CUST2078,Life,CLM3078,9837.01,Approved,2023-11-09,2023-12-19,Low,Yes
POL1079,CUST2079,Life,CLM3079,95552.05,Approved,2024-05-03,2024-06-29,High,Yes
POL1080,CUST2080,General,CLM3080,232347.55,Approved,2025-07-30,2025-09-04,High,No
POL1081,CUST2081,General,CLM3081,134290.81,Approved,2025-07-18,2025-08-08,Medium,Yes
POL1082,CUST2082,Life,CLM3082,257871.61,Rejected,2025-05-22,,Medium,Yes
POL1083,CUST2083,General,CLM3083,73725.82,Rejected,2023-10-07,,Low,No
POL1084,CUST2084,Life,CLM3084,176108.64,Approved,2024-09-16,2024-10-28,High,Yes
POL1085,CUST2085,General,CLM3085,72644.02,Pending,2024-01-10,,Low,Yes
POL1086,CUST2086,Life,CLM3086,34128.08,Rejected,2024-03-05,,Low,Yes
POL1087,CUST2087,Life,CLM3087,28413.85,Rejected,2025-04-25,,High,Yes
POL1088,CUST2088,Life,CLM3088,179787.25,Rejected,2024-12-31,,Low,No
POL1089,CUST2089,Life,CLM3089,466661.77,Rejected,2024-07-12,,High,Yes
POL1090,CUST2090,Life,CLM3090,264038.36,Rejected,2024-12-18,,Medium,No
POL1091,CUST2091,General,CLM3091,384230.82,Pending,2024-03-02,,Low,Yes
POL1092,CUST2092,Life,CLM3092,11190.78,Pending,2024-05-31,,High,Yes
POL1093,CUST2093,General,CLM3093,494460.69,Pending,2023-12-01,,Medium,Yes
POL1094,CUST2094,Life,CLM3094,163663.33,Rejected,2023-11-23,,Low,Yes
POL1095,CUST2095,General,CLM3095,225141.45,Pending,2024-12-19,,Medium,No
POL1096,CUST2096,Life,CLM3096,390799.04,Rejected,2025-06-20,,Medium,Yes
POL1097,CUST2097,General,CLM3097,318325.5,Rejected,2024-04-24,,High,Yes
POL1098,CUST2098,Life,CLM3098,165014.7,Rejected,2024-04-22,,High,No
POL1099,CUST2099,General,CLM3099,348023.5,Pending,2024-01-13,,High,No
POL1100,CUST2100,Life,CLM3100,75057.85,Rejected,2025-07-20,,Low,Yes
POL1101,CUST2101,General,CLM3101,173793.24,Approved,2023-12-07,2024-01-26,Low,Yes
POL1102,CUST2102,Life,CLM3102,179229.42,Approved,2024-06-29,2024-07-15,Medium,Yes
POL1103,CUST2103,General,CLM3103,202316.03,Approved,2025-03-04,2025-04-02,Medium,Yes
POL1104,CUST2104,General,CLM3104,336042.25,Pending,2023-12-15,,Medium,Yes
POL1105,CUST2105,Life,CLM3105,307835.26,Pending,2024-07-31,,High,Yes
POL1106,CUST2106,General,CLM3106,416732.32,Pending,2025-07-18,,High,Yes
POL1107,CUST2107,Life,CLM3107,194854.24,Rejected,2023-09-25,,High,No
POL1108,CUST2108,Life,CLM3108,103824.12,Rejected,2025-02-11,,Medium,No
POL1109,CUST2109,Life,CLM3109,165365.61,Rejected,2024-11-03,,High,No
POL1110,CUST2110,Life,CLM3110,415189.79,Approved,2024-08-18,2024-10-04,Medium,No
POL1111,CUST2111,Life,CLM3111,475755.08,Rejected,2023-10-03,,Low,No
POL1112,CUST2112,Life,CLM3112,186441.54,Rejected,2025-05-18,,High,No
POL1113,CUST2113,General,CLM3113,223889.02,Approved,2024-11-04,2024-11-27,High,Yes
POL1114,CUST2114,Life,CLM3114,457916.06,Approved,2025-02-26,2025-04-12,High,No
POL1115,CUST2115,General,CLM3115,62967.19,Rejected,2024-07-04,,Medium,Yes
POL1116,CUST2116,Life,CLM3116,301000.24,Approved,2025-06-10,2025-07-01,High,No
POL1117,CUST2117,Life,CLM3117,486632.38,Pending,2024-06-04,,High,Yes
POL1118,CUST2118,Life,CLM3118,172610.7,Approved,2024-06-22,2024-06-29,High,No
POL1119,CUST2119,Life,CLM3119,486988.5,Rejected,2024-05-16,,Medium,No
POL1120,CUST2120,General,CLM3120,306708.49,Rejected,2024-09-19,,Low,No
POL1121,CUST2121,Life,CLM3121,138365.41,Rejected,2025-01-05,,Medium,No
POL1122,CUST2122,General,CLM3122,494380.13,Rejected,2023-11-14,,High,Yes
POL1123,CUST2123,General,CLM3123,25803.25,Pending,2024-11-15,,High,No
POL1124,CUST2124,General,CLM3124,414017.07,Pending,2025-06-20,,High,Yes
POL1125,CUST2125,Life,CLM3125,455604.1,Rejected,2023-10-05,,Medium,Yes
POL1126,CUST2126,Life,CLM3126,189490.08,Rejected,2024-07-09,,High,Yes
POL1127,CUST2127,General,CLM3127,413648.2,Approved,2024-03-17,2024-05-16,Low,Yes
POL1128,CUST2128,Life,CLM3128,222345.98,Rejected,2024-01-25,,Medium,Yes
POL1129,CUST2129,Life,CLM3129,401370.54,Approved,2023-09-06,2023-09-12,Medium,No
POL1130,CUST2130,General,CLM3130,308555.76,Approved,2025-07-21,2025-07-29,Medium,Yes
POL1131,CUST2131,General,CLM3131,315320.87,Pending,2024-09-13,,High,No
POL1132,CUST2132,General,CLM3132,317912.09,Rejected,2025-01-06,,High,No
POL1133,CUST2133,Life,CLM3133,76579.71,Pending,2024-05-09,,High,Yes
POL1134,CUST2134,Life,CLM3134,209039.2,Pending,2023-11-18,,High,No
POL1135,CUST2135,General,CLM3135,463917.84,Rejected,2023-08-29,,Medium,Yes
POL1136,CUST2136,Life,CLM3136,115053.94,Pending,2024-11-15,,High,Yes
POL1137,CUST2137,Life,CLM3137,129595.87,Rejected,2024-03-19,,Low,Yes
POL1138,CUST2138,General,CLM3138,474801.04,Rejected,2023-09-05,,Low,Yes
POL1139,CUST2139,General,CLM3139,248060.12,Pending,2024-09-11,,Medium,No
POL1140,CUST2140,Life,CLM3140,427447.36,Pending,2024-10-01,,High,Yes
POL1141,CUST2141,Life,CLM3141,303584.83,Approved,2023-10-08,2023-11-09,Low,Yes
POL1142,CUST2142,General,CLM3142,252529.73,Rejected,2023-08-28,,High,Yes
POL1143,CUST2143,Life,CLM3143,377691.39,Rejected,2024-07-11,,Low,No
POL1144,CUST2144,Life,CLM3144,457512.31,Rejected,2025-07-12,,High,No
POL1145,CUST2145,Life,CLM3145,405335.8,Rejected,2024-09-05,,Low,Yes
POL1146,CUST2146,General,CLM3146,478844.03,Rejected,2024-08-06,,High,No
POL1147,CUST2147,General,CLM3147,312655.8,Rejected,2025-01-02,,Low,No
POL1148,CUST2148,General,CLM3148,28801.68,Rejected,2024-11-15,,High,No
POL1149,CUST2149,General,CLM3149,37215.22,Rejected,2024-05-22,,Medium,Yes
POL1150,CUST2150,General,CLM3150,211093.57,Pending,2024-06-14,,Medium,No
POL1151,CUST2151,General,CLM3151,234770.4,Rejected,2024-12-20,,Low,Yes
POL1152,CUST2152,General,CLM3152,71548.46,Rejected,2025-05-10,,Low,Yes
POL1153,CUST2153,General,CLM3153,157212.11,Rejected,2023-09-12,,Medium,Yes
POL1154,CUST2154,General,CLM3154,17102.72,Pending,2024-02-06,,Low,No
POL1155,CUST2155,Life,CLM3155,420612.16,Approved,2024-09-02,2024-10-11,High,No
POL1156,CUST2156,Life,CLM3156,309431.26,Pending,2024-06-17,,Low,Yes
POL1157,CUST2157,General,CLM3157,447243.1,Approved,2024-01-18,2024-02-05,High,No
POL1158,CUST2158,General,CLM3158,320769.98,Rejected,2023-10-23,,Low,No
POL1159,CUST2159,General,CLM3159,425488.01,Approved,2024-05-25,2024-06-28,High,No
POL1160,CUST2160,Life,CLM3160,335596.24,Approved,2023-10-29,2023-12-25,High,No
POL1161,CUST2161,General,CLM3161,212886.21,Approved,2025-03-11,2025-04-29,Low,Yes
POL1162,CUST2162,General,CLM3162,42840.6,Rejected,2024-05-10,,Medium,No
POL1163,CUST2163,Life,CLM3163,268489.03,Rejected,2024-04-12,,Low,No
POL1164,CUST2164,Life,CLM3164,346480.03,Approved,2025-01-21,2025-01-28,Medium,Yes
POL1165,CUST2165,General,CLM3165,333877.58,Approved,2023-08-19,2023-10-06,Medium,Yes
POL1166,CUST2166,Life,CLM3166,437604.24,Rejected,2025-01-08,,Low,Yes
POL1167,CUST2167,Life,CLM3167,91725.62,Approved,2025-08-05,2025-09-12,Low,Yes
POL1168,CUST2168,General,CLM3168,395407.83,Pending,2024-08-18,,Low,No
POL1169,CUST2169,Life,CLM3169,201523.06,Pending,2025-05-10,,Medium,Yes
POL1170,CUST2170,General,CLM3170,262082.24,Rejected,2024-01-17,,High,Yes
POL1171,CUST2171,Life,CLM3171,13915.27,Approved,2025-05-06,2025-06-08,High,Yes
POL1172,CUST2172,Life,CLM3172,292745.43,Approved,2024-03-21,2024-04-08,Medium,No
POL1173,CUST2173,Life,CLM3173,473552.78,Approved,2025-05-18,2025-07-17,Medium,Yes
POL1174,CUST2174,General,CLM3174,101085.02,Pending,2025-08-01,,Medium,Yes
POL1175,CUST2175,General,CLM3175,331927.37,Rejected,2025-02-15,,Low,Yes
POL1176,CUST2176,Life,CLM3176,77969.91,Pending,2024-04-08,,High,Yes
POL1177,CUST2177,Life,CLM3177,487119.38,Rejected,2025-06-26,,High,No
POL1178,CUST2178,General,CLM3178,422921.65,Approved,2024-02-15,2024-03-18,High,No
POL1179,CUST2179,Life,CLM3179,218061.84,Pending,2024-02-11,,High,No
POL1180,CUST2180,Life,CLM3180,136777.72,Approved,2024-09-11,2024-09-20,Low,Yes
POL1181,CUST2181,General,CLM3181,485066.62,Pending,2025-07-27,,Low,Yes
POL1182,CUST2182,General,CLM3182,62553.69,Pending,2024-03-16,,Medium,Yes
POL1183,CUST2183,General,CLM3183,113918.1,Approved,2023-12-17,2024-02-10,High,Yes
POL1184,CUST2184,Life,CLM3184,426732.25,Approved,2023-12-08,2024-01-24,Low,Yes
POL1185,CUST2185,Life,CLM3185,235807.87,Rejected,2023-10-22,,High,No
POL1186,CUST2186,Life,CLM3186,80423.21,Pending,2024-01-13,,Low,Yes
POL1187,CUST2187,General,CLM3187,215242.58,Approved,2024-05-19,2024-06-12,Medium,Yes
POL1188,CUST2188,Life,CLM3188,89845.92,Approved,2023-12-23,2024-01-15,Medium,No
POL1189,CUST2189,Life,CLM3189,274069.31,Pending,2024-03-16,,High,No
POL1190,CUST2190,Life,CLM3190,460281.89,Pending,2024-10-27,,Medium,Yes
POL1191,CUST2191,Life,CLM3191,45742.24,Rejected,2024-05-03,,Medium,No
POL1192,CUST2192,Life,CLM3192,366152.04,Pending,2023-10-11,,Medium,No
POL1193,CUST2193,Life,CLM3193,313574.28,Approved,2024-02-09,2024-03-04,Medium,No
POL1194,CUST2194,General,CLM3194,385018.39,Rejected,2024-04-03,,Low,Yes
POL1195,CUST2195,Life,CLM3195,55446.34,Approved,2025-06-21,2025-07-25,High,No
POL1196,CUST2196,Life,CLM3196,203522.02,Pending,2025-07-26,,Medium,No
POL1197,CUST2197,Life,CLM3197,354412.42,Approved,2024-11-12,2025-01-10,High,Yes
POL1198,CUST2198,Life,CLM3198,95279.03,Approved,2024-12-13,2025-01-07,Low,No
POL1199,CUST2199,General,CLM3199,168851.1,Pending,2024-05-06,,High,No
POL1200,CUST2200,General,CLM3200,405062.7,Rejected,2024-03-29,,Low,Yes
POL1201,CUST2201,General,CLM3201,168895.82,Approved,2025-08-10,2025-08-29,Low,Yes
POL1202,CUST2202,General,CLM3202,39261.8,Approved,2025-07-03,2025-07-31,Medium,Yes
POL1203,CUST2203,General,CLM3203,249947.06,Approved,2024-12-16,2025-01-12,Medium,Yes
POL1204,CUST2204,Life,CLM3204,276737.64,Pending,2024-02-08,,Medium,No
POL1205,CUST2205,Life,CLM3205,454132.92,Rejected,2025-04-05,,Low,Yes
POL1206,CUST2206,General,CLM3206,27333.91,Rejected,2024-02-12,,Low,Yes
POL1207,CUST2207,General,CLM3207,263267.56,Approved,2025-05-18,2025-06-04,High,Yes
POL1208,CUST2208,General,CLM3208,346586.22,Pending,2023-11-14,,Low,No
POL1209,CUST2209,Life,CLM3209,462460.03,Approved,2023-10-19,2023-12-02,Low,Yes
POL1210,CUST2210,Life,CLM3210,235233.11,Rejected,2025-06-18,,Medium,Yes
POL1211,CUST2211,Life,CLM3211,310553.11,Rejected,2025-07-27,,Medium,No
POL1212,CUST2212,General,CLM3212,187983.75,Approved,2023-09-22,2023-11-08,Low,Yes
POL1213,CUST2213,Life,CLM3213,26972.95,Approved,2024-01-27,2024-02-23,Low,No
POL1214,CUST2214,Life,CLM3214,232223.57,Approved,2024-04-03,2024-05-30,High,Yes
POL1215,CUST2215,General,CLM3215,440472.68,Approved,2024-10-13,2024-12-07,Medium,Yes
POL1216,CUST2216,General,CLM3216,347173.26,Rejected,2024-03-10,,Low,No
POL1217,CUST2217,General,CLM3217,17200.28,Approved,2024-03-18,2024-04-05,Low,No
POL1218,CUST2218,General,CLM3218,370961.89,Approved,2025-04-16,2025-06-08,Low,No
POL1219,CUST2219,General,CLM3219,335378.09,Approved,2025-01-18,2025-02-26,Medium,No
POL1220,CUST2220,Life,CLM3220,90192.83,Rejected,2024-07-12,,Medium,Yes
POL1221,CUST2221,Life,CLM3221,228657.98,Rejected,2025-02-09,,Low,No
POL1222,CUST2222,Life,CLM3222,103338.71,Pending,2024-09-13,,Low,Yes
POL1223,CUST2223,General,CLM3223,348035.23,Approved,2024-09-24,2024-09-29,High,No
POL1224,CUST2224,General,CLM3224,131923.85,Pending,2025-02-10,,Medium,Yes
POL1225,CUST2225,General,CLM3225,197583.74,Approved,2024-11-21,2024-12-30,Low,No
POL1226,CUST2226,General,CLM3226,92606.38,Rejected,2025-06-10,,Medium,No
POL1227,CUST2227,General,CLM3227,391725.74,Rejected,2025-04-24,,Medium,Yes
POL1228,CUST2228,Life,CLM3228,8657.36,Rejected,2025-05-11,,High,Yes
POL1229,CUST2229,General,CLM3229,390529.01,Approved,2024-12-02,2025-01-18,High,Yes
POL1230,CUST2230,Life,CLM3230,295246.88,Rejected,2025-02-11,,Low,Yes
POL1231,CUST2231,Life,CLM3231,158680.54,Rejected,2025-01-09,,High,Yes
POL1232,CUST2232,Life,CLM3232,344799.01,Approved,2024-05-15,2024-06-02,High,Yes
POL1233,CUST2233,Life,CLM3233,95145.26,Pending,2024-11-02,,Medium,No
POL1234,CUST2234,General,CLM3234,480919.01,Rejected,2025-03-24,,Low,No
POL1235,CUST2235,General,CLM3235,358532.08,Rejected,2025-07-19,,Low,No
POL1236,CUST2236,Life,CLM3236,225662.28,Approved,2025-02-19,2025-03-31,Medium,Yes
POL1237,CUST2237,Life,CLM3237,430540.84,Pending,2024-04-06,,Low,No
POL1238,CUST2238,General,CLM3238,35834.48,Pending,2023-12-09,,High,No
POL1239,CUST2239,General,CLM3239,31202.76,Approved,2024-10-23,2024-12-19,Medium,Yes
POL1240,CUST2240,General,CLM3240,221372.49,Approved,2024-12-07,2024-12-18,Low,No
POL1241,CUST2241,Life,CLM3241,319647.09,Approved,2025-06-12,2025-06-17,Low,No
POL1242,CUST2242,Life,CLM3242,39925.23,Rejected,2024-12-22,,Low,No
POL1243,CUST2243,General,CLM3243,37195.9,Approved,2023-12-05,2024-01-07,Low,No
POL1244,CUST2244,Life,CLM3244,17859.86,Approved,2024-02-22,2024-02-28,Low,Yes
POL1245,CUST2245,Life,CLM3245,281557.97,Rejected,2024-04-08,,Low,No
POL1246,CUST2246,General,CLM3246,361932.66,Rejected,2024-03-13,,Low,No
POL1247,CUST2247,Life,CLM3247,460221.24,Pending,2024-12-10,,High,Yes
POL1248,CUST2248,Life,CLM3248,428816.07,Pending,2025-05-06,,Medium,Yes
POL1249,CUST2249,Life,CLM3249,314127.6,Rejected,2024-10-06,,High,No
POL1250,CUST2250,General,CLM3250,330652.0,Rejected,2024-10-31,,High,No
POL1251,CUST2251,Life,CLM3251,400253.95,Pending,2024-04-25,,Low,Yes
POL1252,CUST2252,Life,CLM3252,404876.98,Pending,2024-08-11,,Low,Yes
POL1253,CUST2253,Life,CLM3253,487721.54,Rejected,2025-03-10,,Low,No
POL1254,CUST2254,General,CLM3254,154460.32,Pending,2025-04-18,,Low,No
POL1255,CUST2255,Life,CLM3255,378011.26,Pending,2025-04-01,,Low,Yes
POL1256,CUST2256,Life,CLM3256,403068.82,Rejected,2024-05-09,,Low,Yes
POL1257,CUST2257,General,CLM3257,87082.38,Approved,2025-07-13,2025-07-18,High,No
POL1258,CUST2258,Life,CLM3258,69471.1,Rejected,2025-05-08,,Low,No
POL1259,CUST2259,Life,CLM3259,244241.98,Approved,2024-10-30,2024-12-10,Low,No
POL1260,CUST2260,General,CLM3260,65210.9,Pending,2023-11-15,,High,No
POL1261,CUST2261,General,CLM3261,207800.94,Pending,2024-10-24,,High,No
POL1262,CUST2262,General,CLM3262,39362.33,Rejected,2025-01-28,,Medium,No
POL1263,CUST2263,General,CLM3263,224301.64,Pending,2024-03-16,,High,No
POL1264,CUST2264,General,CLM3264,257347.94,Pending,2025-02-23,,Low,Yes
POL1265,CUST2265,Life,CLM3265,111717.02,Rejected,2025-05-03,,Medium,No
POL1266,CUST2266,Life,CLM3266,247239.4,Approved,2023-10-30,2023-11-10,Medium,Yes
POL1267,CUST2267,General,CLM3267,491890.78,Rejected,2025-02-25,,Low,No
POL1268,CUST2268,General,CLM3268,176863.9,Rejected,2025-08-01,,Low,Yes
POL1269,CUST2269,Life,CLM3269,279601.09,Approved,2023-12-29,2024-01-17,High,No
POL1270,CUST2270,Life,CLM3270,294347.97,Rejected,2025-07-22,,Low,Yes
POL1271,CUST2271,Life,CLM3271,295675.52,Pending,2023-12-16,,Low,Yes
POL1272,CUST2272,Life,CLM3272,32856.7,Pending,2024-03-22,,Low,Yes
POL1273,CUST2273,Life,CLM3273,82924.19,Approved,2023-11-17,2023-12-14,Low,No
POL1274,CUST2274,General,CLM3274,204773.23,Rejected,2025-06-14,,Medium,Yes
POL1275,CUST2275,Life,CLM3275,431436.41,Approved,2024-04-28,2024-06-13,High,Yes
POL1276,CUST2276,Life,CLM3276,286749.07,Pending,2024-01-22,,Medium,Yes
POL1277,CUST2277,Life,CLM3277,176397.9,Rejected,2024-07-26,,Low,Yes
POL1278,CUST2278,General,CLM3278,208127.74,Approved,2024-01-09,2024-02-27,High,Yes
POL1279,CUST2279,General,CLM3279,133406.52,Rejected,2025-03-28,,Medium,Yes
POL1280,CUST2280,Life,CLM3280,238336.25,Rejected,2024-05-22,,High,No
POL1281,CUST2281,General,CLM3281,394356.27,Pending,2025-01-19,,Low,No
POL1282,CUST2282,Life,CLM3282,369435.46,Pending,2024-11-10,,High,No
POL1283,CUST2283,General,CLM3283,174463.19,Approved,2024-06-29,2024-07-05,Medium,Yes
POL1284,CUST2284,General,CLM3284,246036.19,Pending,2024-02-26,,Low,Yes
POL1285,CUST2285,Life,CLM3285,70562.0,Pending,2025-02-05,,High,Yes
POL1286,CUST2286,General,CLM3286,221088.22,Approved,2025-07-28,2025-09-24,Medium,No
POL1287,CUST2287,General,CLM3287,214981.52,Pending,2023-10-08,,Medium,No
POL1288,CUST2288,General,CLM3288,395169.91,Rejected,2023-11-30,,Medium,No
POL1289,CUST2289,Life,CLM3289,115783.35,Rejected,2025-04-03,,High,Yes
POL1290,CUST2290,Life,CLM3290,64647.08,Rejected,2024-06-06,,Medium,No
POL1291,CUST2291,General,CLM3291,39172.34,Pending,2025-01-09,,High,No
POL1292,CUST2292,Life,CLM3292,79263.43,Pending,2024-09-02,,Medium,Yes
POL1293,CUST2293,General,CLM3293,414744.53,Approved,2023-12-14,2024-02-09,High,Yes
POL1294,CUST2294,Life,CLM3294,89325.34,Pending,2024-06-18,,Medium,Yes
POL1295,CUST2295,General,CLM3295,69012.53,Approved,2024-07-12,2024-07-30,Low,Yes
POL1296,CUST2296,General,CLM3296,439066.58,Approved,2024-05-23,2024-07-04,Low,No
POL1297,CUST2297,Life,CLM3297,14542.63,Approved,2025-02-28,2025-04-26,High,No
POL1298,CUST2298,Life,CLM3298,280833.63,Rejected,2025-02-11,,High,Yes
POL1299,CUST2299,General,CLM3299,283031.69,Rejected,2025-03-31,,Low,No
POL1300,CUST2300,Life,CLM3300,259833.34,Rejected,2024-10-27,,Low,No
POL1301,CUST2301,Life,CLM3301,115390.67,Rejected,2025-08-07,,High,No
POL1302,CUST2302,Life,CLM3302,153584.43,Approved,2025-05-22,2025-07-11,Medium,No
POL1303,CUST2303,Life,CLM3303,363256.82,Pending,2024-09-21,,Low,No
POL1304,CUST2304,General,CLM3304,265216.09,Approved,2025-04-24,2025-06-07,High,No
POL1305,CUST2305,General,CLM3305,252192.67,Pending,2023-09-21,,High,No
POL1306,CUST2306,Life,CLM3306,426693.42,Pending,2023-11-23,,Medium,Yes
POL1307,CUST2307,General,CLM3307,199251.99,Rejected,2025-01-25,,High,Yes
POL1308,CUST2308,Life,CLM3308,38038.96,Pending,2023-11-01,,High,Yes
POL1309,CUST2309,Life,CLM3309,82531.17,Approved,2023-10-14,2023-10-31,Low,No
POL1310,CUST2310,General,CLM3310,306968.21,Approved,2024-01-16,2024-03-16,Medium,Yes
POL1311,CUST2311,General,CLM3311,412991.94,Pending,2025-08-10,,High,Yes
POL1312,CUST2312,General,CLM3312,88509.21,Approved,2024-10-05,2024-11-25,High,No
POL1313,CUST2313,Life,CLM3313,439115.48,Pending,2023-12-30,,Low,No
POL1314,CUST2314,Life,CLM3314,187811.5,Pending,2025-06-02,,High,Yes
POL1315,CUST2315,General,CLM3315,204931.86,Pending,2023-08-16,,Medium,Yes
POL1316,CUST2316,Life,CLM3316,454463.73,Approved,2025-06-07,2025-06-26,Medium,No
POL1317,CUST2317,Life,CLM3317,308256.62,Rejected,2024-04-29,,Low,Yes
POL1318,CUST2318,General,CLM3318,412576.28,Rejected,2025-05-07,,Medium,No
POL1319,CUST2319,General,CLM3319,406706.78,Rejected,2023-12-29,,Low,No
POL1320,CUST2320,Life,CLM3320,79749.0,Pending,2025-02-22,,Medium,No
POL1321,CUST2321,Life,CLM3321,152864.13,Pending,2024-06-14,,High,Yes
POL1322,CUST2322,General,CLM3322,63541.1,Approved,2023-09-12,2023-10-27,High,No
POL1323,CUST2323,General,CLM3323,164057.01,Pending,2023-12-01,,Low,No
POL1324,CUST2324,Life,CLM3324,89915.89,Pending,2025-01-15,,Medium,Yes
POL1325,CUST2325,Life,CLM3325,275097.53,Approved,2024-06-15,2024-08-08,Medium,Yes
POL1326,CUST2326,Life,CLM3326,141558.59,Rejected,2024-08-06,,Low,No
POL1327,CUST2327,Life,CLM3327,200344.78,Rejected,2024-09-17,,High,Yes
POL1328,CUST2328,Life,CLM3328,447688.1,Approved,2024-11-20,2024-12-09,Medium,Yes
POL1329,CUST2329,General,CLM3329,467822.93,Pending,2025-08-07,,Low,Yes
POL1330,CUST2330,General,CLM3330,105887.3,Rejected,2023-09-24,,Medium,No
POL1331,CUST2331,Life,CLM3331,305521.57,Rejected,2025-07-27,,Medium,No
POL1332,CUST2332,General,CLM3332,149913.62,Pending,2024-04-05,,Low,No
POL1333,CUST2333,General,CLM3333,155996.29,Pending,2024-08-06,,Medium,Yes
POL1334,CUST2334,General,CLM3334,38902.88,Approved,2025-08-08,2025-08-17,Low,Yes
POL1335,CUST2335,General,CLM3335,241730.96,Rejected,2024-11-05,,Medium,No
POL1336,CUST2336,Life,CLM3336,196023.08,Rejected,2025-04-16,,High,Yes
POL1337,CUST2337,General,CLM3337,157236.49,Approved,2024-03-25,2024-03-30,High,Yes
POL1338,CUST2338,Life,CLM3338,395636.65,Approved,2024-10-24,2024-12-21,Medium,No
POL1339,CUST2339,Life,CLM3339,471272.14,Pending,2023-09-01,,Medium,Yes
POL1340,CUST2340,General,CLM3340,191178.0,Rejected,2025-07-10,,Medium,No
POL1341,CUST2341,Life,CLM3341,183392.89,Pending,2024-10-07,,Low,No
POL1342,CUST2342,Life,CLM3342,136357.28,Approved,2024-11-04,2024-12-24,Low,Yes
POL1343,CUST2343,Life,CLM3343,313312.06,Rejected,2024-10-18,,Low,No
POL1344,CUST2344,General,CLM3344,192801.67,Pending,2024-12-27,,Medium,Yes
POL1345,CUST2345,Life,CLM3345,39317.72,Rejected,2023-08-23,,High,No
POL1346,CUST2346,General,CLM3346,41219.27,Rejected,2025-03-22,,Medium,No
POL1347,CUST2347,Life,CLM3347,242229.43,Rejected,2024-04-05,,Medium,No
POL1348,CUST2348,General,CLM3348,87631.62,Approved,2023-09-08,2023-09-17,High,Yes
POL1349,CUST2349,Life,CLM3349,343363.86,Pending,2025-08-08,,Medium,Yes
POL1350,CUST2350,General,CLM3350,469745.93,Rejected,2024-09-13,,Medium,No
POL1351,CUST2351,Life,CLM3351,30987.91,Approved,2024-08-18,2024-09-30,Low,Yes
POL1352,CUST2352,Life,CLM3352,235039.19,Approved,2023-10-19,2023-11-07,High,Yes
POL1353,CUST2353,Life,CLM3353,186867.5,Approved,2024-05-25,2024-07-20,Medium,Yes
POL1354,CUST2354,Life,CLM3354,443158.3,Rejected,2024-07-22,,Medium,Yes
POL1355,CUST2355,Life,CLM3355,465580.2,Approved,2025-05-17,2025-06-03,High,Yes
POL1356,CUST2356,General,CLM3356,121206.67,Pending,2024-05-03,,High,Yes
POL1357,CUST2357,Life,CLM3357,28462.42,Pending,2024-04-13,,Low,Yes
POL1358,CUST2358,General,CLM3358,367055.33,Rejected,2025-04-22,,Medium,Yes
POL1359,CUST2359,Life,CLM3359,431379.39,Rejected,2025-04-16,,High,No
POL1360,CUST2360,General,CLM3360,10765.47,Rejected,2025-08-13,,Medium,No
POL1361,CUST2361,General,CLM3361,315870.91,Rejected,2024-12-11,,High,No
POL1362,CUST2362,Life,CLM3362,174284.49,Rejected,2025-07-03,,Low,Yes
POL1363,CUST2363,General,CLM3363,32847.3,Rejected,2024-03-27,,High,Yes
POL1364,CUST2364,General,CLM3364,444946.39,Pending,2025-02-27,,Low,No
POL1365,CUST2365,General,CLM3365,114307.79,Rejected,2024-05-08,,Low,No
POL1366,CUST2366,General,CLM3366,267433.41,Rejected,2025-04-10,,High,Yes
POL1367,CUST2367,Life,CLM3367,115087.93,Pending,2024-12-01,,Low,No
POL1368,CUST2368,Life,CLM3368,330785.19,Approved,2023-12-25,2024-01-17,High,No
POL1369,CUST2369,General,CLM3369,190576.7,Rejected,2024-10-22,,Low,No
POL1370,CUST2370,Life,CLM3370,406790.22,Approved,2025-03-22,2025-04-28,Low,Yes
POL1371,CUST2371,Life,CLM3371,240173.2,Approved,2025-01-25,2025-03-06,High,Yes
POL1372,CUST2372,General,CLM3372,379014.63,Approved,2023-10-09,2023-10-28,Medium,Yes
POL1373,CUST2373,General,CLM3373,446012.49,Pending,2024-10-28,,High,Yes
POL1374,CUST2374,Life,CLM3374,134104.39,Pending,2024-10-26,,High,Yes
POL1375,CUST2375,Life,CLM3375,307581.47,Approved,2025-04-05,2025-05-18,High,Yes
POL1376,CUST2376,General,CLM3376,7457.24,Pending,2023-09-21,,High,No
POL1377,CUST2377,General,CLM3377,155685.2,Pending,2025-06-29,,High,Yes
POL1378,CUST2378,Life,CLM3378,454826.25,Rejected,2023-12-01,,High,No
POL1379,CUST2379,General,CLM3379,458963.68,Approved,2024-07-02,2024-08-01,Medium,Yes
POL1380,CUST2380,Life,CLM3380,101596.25,Pending,2025-02-26,,Low,No
POL1381,CUST2381,General,CLM3381,444368.05,Rejected,2024-07-07,,Low,Yes
POL1382,CUST2382,General,CLM3382,375352.52,Rejected,2025-03-11,,High,No
POL1383,CUST2383,Life,CLM3383,27697.71,Rejected,2025-04-03,,High,Yes
POL1384,CUST2384,General,CLM3384,250799.51,Approved,2023-11-23,2023-12-28,Medium,Yes
POL1385,CUST2385,Life,CLM3385,404643.38,Rejected,2025-06-24,,Low,Yes
POL1386,CUST2386,General,CLM3386,256191.29,Approved,2023-09-08,2023-11-05,Medium,Yes
POL1387,CUST2387,General,CLM3387,170321.79,Rejected,2025-03-24,,Low,Yes
POL1388,CUST2388,General,CLM3388,235737.43,Rejected,2023-08-16,,High,Yes
POL1389,CUST2389,General,CLM3389,24217.01,Pending,2024-12-11,,Low,No
POL1390,CUST2390,General,CLM3390,382509.83,Rejected,2025-08-10,,Low,Yes
POL1391,CUST2391,Life,CLM3391,420054.41,Pending,2024-10-17,,Medium,No
POL1392,CUST2392,Life,CLM3392,235961.0,Approved,2025-04-03,2025-05-23,High,No
POL1393,CUST2393,General,CLM3393,269640.25,Approved,2024-10-09,2024-11-13,Medium,No
POL1394,CUST2394,General,CLM3394,392471.2,Pending,2024-08-30,,Low,Yes
POL1395,CUST2395,General,CLM3395,307081.69,Rejected,2025-02-26,,High,Yes
POL1396,CUST2396,General,CLM3396,195897.53,Pending,2024-05-20,,High,No
POL1397,CUST2397,Life,CLM3397,292560.63,Rejected,2025-06-06,,Low,Yes
POL1398,CUST2398,Life,CLM3398,373051.98,Rejected,2024-09-10,,High,Yes
POL1399,CUST2399,General,CLM3399,110406.72,Rejected,2025-06-20,,Low,Yes
POL1400,CUST2400,Life,CLM3400,237519.87,Pending,2025-01-29,,Low,No
POL1401,CUST2401,Life,CLM3401,416443.41,Pending,2025-07-15,,High,No
POL1402,CUST2402,Life,CLM3402,372406.12,Rejected,2024-10-02,,High,Yes
POL1403,CUST2403,Life,CLM3403,81292.67,Pending,2023-09-30,,High,Yes
POL1404,CUST2404,Life,CLM3404,417115.41,Rejected,2023-12-24,,High,Yes
POL1405,CUST2405,General,CLM3405,366181.31,Rejected,2024-03-31,,High,Yes
POL1406,CUST2406,General,CLM3406,306704.25,Rejected,2023-09-13,,Medium,Yes
POL1407,CUST2407,General,CLM3407,261643.71,Rejected,2023-11-27,,Medium,Yes
POL1408,CUST2408,General,CLM3408,409621.47,Pending,2024-12-30,,High,Yes
POL1409,CUST2409,General,CLM3409,140776.74,Pending,2024-10-03,,High,No
POL1410,CUST2410,General,CLM3410,148179.92,Approved,2024-11-02,2024-11-08,High,No
POL1411,CUST2411,Life,CLM3411,256536.22,Pending,2025-01-10,,Medium,Yes
POL1412,CUST2412,Life,CLM3412,368571.51,Rejected,2024-10-17,,High,No
POL1413,CUST2413,General,CLM3413,267045.98,Approved,2024-12-16,2025-02-07,Medium,No
POL1414,CUST2414,Life,CLM3414,53609.4,Approved,2025-01-20,2025-02-26,High,No
POL1415,CUST2415,Life,CLM3415,219751.97,Approved,2025-05-03,2025-07-01,High,No
POL1416,CUST2416,General,CLM3416,43941.16,Approved,2023-12-11,2023-12-17,High,No
POL1417,CUST2417,Life,CLM3417,348012.78,Pending,2025-01-20,,High,Yes
POL1418,CUST2418,Life,CLM3418,61292.84,Approved,2024-06-25,2024-08-16,Medium,No
POL1419,CUST2419,General,CLM3419,207849.99,Pending,2024-11-13,,Low,No
POL1420,CUST2420,General,CLM3420,188495.73,Rejected,2025-03-17,,Low,Yes
POL1421,CUST2421,Life,CLM3421,371602.63,Pending,2024-10-09,,High,No
POL1422,CUST2422,Life,CLM3422,225334.88,Pending,2024-01-31,,Low,No
POL1423,CUST2423,Life,CLM3423,351433.51,Approved,2023-09-12,2023-10-25,Medium,No
POL1424,CUST2424,General,CLM3424,465532.45,Pending,2024-05-11,,Medium,No
POL1425,CUST2425,Life,CLM3425,343993.76,Pending,2025-03-11,,Low,No
POL1426,CUST2426,Life,CLM3426,316377.02,Approved,2024-01-10,2024-01-27,Medium,No
POL1427,CUST2427,Life,CLM3427,49846.14,Rejected,2024-03-05,,High,Yes
POL1428,CUST2428,General,CLM3428,443593.14,Pending,2024-07-29,,Low,No
POL1429,CUST2429,Life,CLM3429,201529.82,Approved,2025-06-01,2025-07-27,Low,No
POL1430,CUST2430,General,CLM3430,231740.3,Rejected,2024-12-21,,Medium,No
POL1431,CUST2431,Life,CLM3431,255303.22,Pending,2024-08-20,,Medium,No
POL1432,CUST2432,Life,CLM3432,103039.87,Pending,2024-12-30,,Low,No
POL1433,CUST2433,Life,CLM3433,443011.59,Pending,2024-07-25,,High,Yes
POL1434,CUST2434,General,CLM3434,94121.13,Rejected,2023-09-13,,Medium,Yes
POL1435,CUST2435,General,CLM3435,326865.57,Approved,2025-08-12,2025-08-19,Medium,No
POL1436,CUST2436,General,CLM3436,82429.85,Rejected,2024-03-31,,Medium,No
POL1437,CUST2437,General,CLM3437,58878.27,Rejected,2024-04-30,,High,Yes
POL1438,CUST2438,Life,CLM3438,417553.39,Approved,2024-07-20,2024-09-16,Medium,Yes
POL1439,CUST2439,General,CLM3439,13643.39,Rejected,2025-01-04,,Low,No
POL1440,CUST2440,Life,CLM3440,315127.98,Approved,2024-09-18,2024-10-08,Low,No
POL1441,CUST2441,Life,CLM3441,480637.12,Pending,2023-12-21,,Medium,No
POL1442,CUST2442,Life,CLM3442,119680.36,Pending,2023-09-10,,High,Yes
POL1443,CUST2443,General,CLM3443,308508.23,Pending,2023-08-16,,Low,Yes
POL1444,CUST2444,Life,CLM3444,478886.8,Rejected,2025-05-20,,Medium,Yes
POL1445,CUST2445,Life,CLM3445,181681.73,Approved,2024-04-13,2024-05-11,Medium,Yes
POL1446,CUST2446,General,CLM3446,437981.11,Approved,2025-02-19,2025-04-17,Medium,Yes
POL1447,CUST2447,General,CLM3447,464517.92,Pending,2023-08-31,,Low,No
POL1448,CUST2448,Life,CLM3448,27209.96,Approved,2023-09-30,2023-11-03,Medium,Yes
POL1449,CUST2449,General,CLM3449,51972.19,Pending,2024-05-05,,Medium,No
POL1450,CUST2450,General,CLM3450,50358.1,Approved,2023-10-17,2023-11-18,Medium,No
POL1451,CUST2451,Life,CLM3451,488532.86,Approved,2023-11-16,2023-12-03,Medium,Yes
POL1452,CUST2452,General,CLM3452,143171.98,Pending,2025-06-25,,High,No
POL1453,CUST2453,General,CLM3453,221572.98,Pending,2024-02-07,,Low,No
POL1454,CUST2454,General,CLM3454,432050.63,Approved,2025-01-19,2025-02-06,High,Yes
POL1455,CUST2455,General,CLM3455,438907.99,Pending,2024-06-01,,Low,No
POL1456,CUST2456,General,CLM3456,176523.14,Approved,2025-04-07,2025-05-06,Low,No
POL1457,CUST2457,Life,CLM3457,171903.74,Approved,2025-03-13,2025-04-22,Low,Yes
POL1458,CUST2458,General,CLM3458,474237.6,Rejected,2023-11-17,,High,No
POL1459,CUST2459,Life,CLM3459,278009.24,Approved,2025-03-29,2025-05-11,High,No
POL1460,CUST2460,Life,CLM3460,54523.78,Pending,2024-10-07,,High,No
POL1461,CUST2461,Life,CLM3461,428234.14,Rejected,2023-10-28,,Low,Yes
POL1462,CUST2462,General,CLM3462,216090.83,Rejected,2023-12-23,,Low,No
POL1463,CUST2463,Life,CLM3463,58459.37,Rejected,2024-05-13,,Low,Yes
POL1464,CUST2464,General,CLM3464,15371.76,Rejected,2024-06-14,,Low,No
POL1465,CUST2465,Life,CLM3465,401193.55,Approved,2024-10-24,2024-12-23,Medium,Yes
POL1466,CUST2466,General,CLM3466,298900.7,Approved,2024-03-22,2024-04-13,High,Yes
POL1467,CUST2467,General,CLM3467,490634.48,Approved,2024-11-07,2024-12-03,Low,No
POL1468,CUST2468,General,CLM3468,310089.54,Pending,2023-12-29,,High,Yes
POL1469,CUST2469,Life,CLM3469,88616.95,Approved,2024-10-17,2024-12-07,Medium,Yes
POL1470,CUST2470,General,CLM3470,44781.45,Rejected,2024-04-21,,High,Yes
POL1471,CUST2471,General,CLM3471,327082.13,Rejected,2024-04-17,,Medium,Yes
POL1472,CUST2472,General,CLM3472,197381.31,Rejected,2024-10-23,,Low,No
POL1473,CUST2473,Life,CLM3473,295660.48,Rejected,2024-09-18,,High,No
POL1474,CUST2474,General,CLM3474,350581.9,Approved,2023-09-01,2023-10-18,High,No
POL1475,CUST2475,Life,CLM3475,495241.55,Pending,2025-05-12,,High,Yes
POL1476,CUST2476,General,CLM3476,156166.5,Approved,2023-08-18,2023-09-27,High,Yes
POL1477,CUST2477,General,CLM3477,498327.1,Rejected,2024-01-27,,Medium,Yes
POL1478,CUST2478,General,CLM3478,359205.97,Pending,2023-08-14,,High,No
POL1479,CUST2479,Life,CLM3479,252871.94,Approved,2024-11-11,2024-12-22,High,Yes
POL1480,CUST2480,Life,CLM3480,51905.07,Rejected,2023-10-22,,Low,Yes
POL1481,CUST2481,Life,CLM3481,108826.67,Approved,2024-02-23,2024-02-29,Low,No
POL1482,CUST2482,Life,CLM3482,368803.67,Pending,2025-02-24,,Low,Yes
POL1483,CUST2483,Life,CLM3483,411528.83,Pending,2025-01-16,,Low,No
POL1484,CUST2484,Life,CLM3484,218975.62,Approved,2024-05-08,2024-06-18,Medium,No
POL1485,CUST2485,General,CLM3485,213276.86,Pending,2023-11-23,,Medium,Yes
POL1486,CUST2486,Life,CLM3486,64092.19,Approved,2024-03-29,2024-05-22,Medium,Yes
POL1487,CUST2487,General,CLM3487,17147.23,Pending,2025-01-08,,Medium,No
POL1488,CUST2488,Life,CLM3488,50875.59,Pending,2024-04-26,,Medium,Yes
POL1489,CUST2489,Life,CLM3489,45659.37,Rejected,2024-01-22,,Medium,No
POL1490,CUST2490,General,CLM3490,292491.86,Rejected,2025-02-23,,Medium,Yes
POL1491,CUST2491,Life,CLM3491,488483.21,Pending,2024-01-05,,High,Yes
POL1492,CUST2492,General,CLM3492,126993.6,Rejected,2025-05-19,,High,Yes
POL1493,CUST2493,General,CLM3493,109571.04,Rejected,2025-04-26,,High,No
POL1494,CUST2494,General,CLM3494,307571.06,Pending,2024-12-21,,Low,No
POL1495,CUST2495,Life,CLM3495,250160.1,Approved,2025-06-01,2025-07-12,High,No
POL1496,CUST2496,Life,CLM3496,183445.99,Pending,2025-06-03,,Low,No
POL1497,CUST2497,Life,CLM3497,446447.88,Pending,2025-01-27,,High,No
POL1498,CUST2498,Life,CLM3498,166933.27,Pending,2025-01-10,,Medium,Yes
POL1499,CUST2499,Life,CLM3499,425286.38,Pending,2023-12-09,,Low,Yes
POL1500,CUST2500,General,CLM3500,183173.16,Pending,2025-04-24,,Low,Yes
POL1501,CUST2501,General,CLM3501,322989.37,Rejected,2024-12-01,,High,Yes
POL1502,CUST2502,General,CLM3502,110367.85,Approved,2025-08-02,2025-08-08,High,Yes
POL1503,CUST2503,Life,CLM3503,132103.9,Pending,2024-04-20,,Low,Yes
POL1504,CUST2504,General,CLM3504,386484.65,Approved,2025-05-21,2025-07-16,Medium,Yes
POL1505,CUST2505,General,CLM3505,88859.89,Pending,2025-06-21,,Medium,Yes
POL1506,CUST2506,General,CLM3506,208709.45,Approved,2024-11-16,2024-12-10,High,No
POL1507,CUST2507,General,CLM3507,245398.98,Pending,2025-01-02,,Medium,Yes
POL1508,CUST2508,Life,CLM3508,208402.31,Pending,2023-09-04,,Low,No
POL1509,CUST2509,General,CLM3509,64932.66,Pending,2025-03-13,,Medium,No
POL1510,CUST2510,General,CLM3510,267842.02,Rejected,2024-11-04,,Low,No
POL1511,CUST2511,Life,CLM3511,48798.41,Approved,2024-02-07,2024-03-23,Low,No
POL1512,CUST2512,General,CLM3512,390813.71,Approved,2025-01-17,2025-03-11,Medium,Yes
POL1513,CUST2513,General,CLM3513,112089.43,Approved,2023-09-19,2023-10-02,High,No
POL1514,CUST2514,Life,CLM3514,98903.65,Pending,2025-04-26,,High,No
POL1515,CUST2515,General,CLM3515,370189.3,Pending,2024-01-19,,High,No
POL1516,CUST2516,General,CLM3516,107249.23,Rejected,2023-10-15,,Medium,No
POL1517,CUST2517,Life,CLM3517,465809.54,Rejected,2025-08-08,,Medium,No
POL1518,CUST2518,General,CLM3518,174195.98,Approved,2025-03-22,2025-04-08,Medium,Yes
POL1519,CUST2519,Life,CLM3519,116209.54,Rejected,2025-08-01,,Medium,Yes
POL1520,CUST2520,Life,CLM3520,121562.69,Pending,2023-10-22,,High,No
POL1521,CUST2521,General,CLM3521,196385.16,Approved,2025-05-02,2025-05-18,High,Yes
POL1522,CUST2522,Life,CLM3522,235593.05,Rejected,2025-06-23,,Low,Yes
POL1523,CUST2523,General,CLM3523,447979.61,Pending,2024-10-12,,Low,No
POL1524,CUST2524,Life,CLM3524,464224.36,Rejected,2023-09-17,,Low,Yes
POL1525,CUST2525,Life,CLM3525,147390.04,Rejected,2025-05-02,,Low,No
POL1526,CUST2526,General,CLM3526,457427.13,Approved,2024-02-22,2024-04-01,Low,Yes
POL1527,CUST2527,General,CLM3527,446394.63,Pending,2024-05-06,,High,Yes
POL1528,CUST2528,Life,CLM3528,315805.33,Rejected,2023-12-24,,Low,No
POL1529,CUST2529,Life,CLM3529,24573.66,Pending,2025-01-04,,Low,Yes
POL1530,CUST2530,Life,CLM3530,450164.49,Rejected,2025-02-23,,Low,No
POL1531,CUST2531,Life,CLM3531,397811.88,Rejected,2024-09-05,,Medium,No
POL1532,CUST2532,Life,CLM3532,394320.04,Pending,2023-10-26,,Low,No
POL1533,CUST2533,General,CLM3533,478847.39,Approved,2023-11-20,2023-12-20,Low,Yes
POL1534,CUST2534,General,CLM3534,462362.84,Pending,2023-09-02,,Low,No
POL1535,CUST2535,General,CLM3535,282734.4,Approved,2024-05-15,2024-06-13,Medium,No
POL1536,CUST2536,General,CLM3536,181618.58,Rejected,2024-11-03,,Medium,Yes
POL1537,CUST2537,General,CLM3537,421372.03,Pending,2025-05-09,,Medium,Yes
POL1538,CUST2538,General,CLM3538,93761.36,Pending,2024-12-01,,Low,Yes
POL1539,CUST2539,Life,CLM3539,96086.05,Pending,2025-02-15,,High,No
POL1540,CUST2540,General,CLM3540,147973.21,Approved,2025-06-28,2025-07-15,High,Yes
POL1541,CUST2541,Life,CLM3541,16195.33,Approved,2024-05-14,2024-06-16,High,Yes
POL1542,CUST2542,Life,CLM3542,220627.39,Pending,2024-11-28,,Low,Yes
POL1543,CUST2543,General,CLM3543,52726.5,Pending,2024-12-10,,Low,No
POL1544,CUST2544,General,CLM3544,431608.91,Approved,2024-03-30,2024-04-29,Low,No
POL1545,CUST2545,General,CLM3545,37911.49,Rejected,2025-05-13,,Medium,No
POL1546,CUST2546,General,CLM3546,322021.78,Pending,2025-08-03,,Medium,No
POL1547,CUST2547,Life,CLM3547,325890.52,Rejected,2024-10-25,,High,No
POL1548,CUST2548,General,CLM3548,141988.63,Approved,2025-08-09,2025-10-04,Medium,Yes
POL1549,CUST2549,Life,CLM3549,23210.84,Rejected,2025-08-10,,Medium,No
POL1550,CUST2550,General,CLM3550,162161.12,Pending,2024-01-22,,Low,No
POL1551,CUST2551,General,CLM3551,94914.24,Approved,2024-02-06,2024-03-04,High,Yes
POL1552,CUST2552,General,CLM3552,101893.8,Approved,2024-09-05,2024-11-01,Medium,No
POL1553,CUST2553,General,CLM3553,89528.66,Pending,2024-08-04,,High,No
POL1554,CUST2554,Life,CLM3554,376823.52,Approved,2025-04-25,2025-04-30,Low,No
POL1555,CUST2555,Life,CLM3555,298828.26,Pending,2023-12-12,,Low,No
POL1556,CUST2556,Life,CLM3556,246771.63,Pending,2023-08-25,,Low,No
POL1557,CUST2557,General,CLM3557,209776.24,Pending,2024-05-30,,High,Yes
POL1558,CUST2558,Life,CLM3558,452311.29,Approved,2025-06-21,2025-07-11,Low,No
POL1559,CUST2559,Life,CLM3559,491319.58,Rejected,2024-06-10,,High,No
POL1560,CUST2560,General,CLM3560,201297.97,Pending,2024-05-22,,Medium,Yes
POL1561,CUST2561,General,CLM3561,471399.23,Approved,2023-09-04,2023-09-23,Low,No
POL1562,CUST2562,General,CLM3562,288567.31,Approved,2025-06-29,2025-07-21,High,Yes
POL1563,CUST2563,Life,CLM3563,388987.88,Rejected,2024-08-13,,High,Yes
POL1564,CUST2564,Life,CLM3564,305980.49,Pending,2024-03-18,,Medium,No
POL1565,CUST2565,Life,CLM3565,437194.95,Approved,2025-08-04,2025-09-25,Medium,No
POL1566,CUST2566,Life,CLM3566,492788.02,Rejected,2025-04-13,,Medium,Yes
POL1567,CUST2567,General,CLM3567,331189.96,Rejected,2024-04-05,,Medium,No
POL1568,CUST2568,General,CLM3568,87678.68,Pending,2024-01-25,,Low,No
POL1569,CUST2569,General,CLM3569,200804.7,Rejected,2025-08-12,,Medium,Yes
POL1570,CUST2570,General,CLM3570,485318.03,Rejected,2023-12-19,,High,No
POL1571,CUST2571,Life,CLM3571,284074.87,Approved,2024-08-11,2024-10-04,Medium,No
POL1572,CUST2572,General,CLM3572,42068.36,Rejected,2024-05-19,,Low,No
POL1573,CUST2573,Life,CLM3573,176851.43,Pending,2024-11-12,,Low,No
POL1574,CUST2574,Life,CLM3574,395701.69,Pending,2025-02-19,,Medium,Yes
POL1575,CUST2575,General,CLM3575,113531.11,Approved,2024-03-03,2024-03-16,Low,Yes
POL1576,CUST2576,General,CLM3576,253761.47,Pending,2024-06-23,,Low,No
POL1577,CUST2577,General,CLM3577,194882.91,Pending,2024-01-08,,High,Yes
POL1578,CUST2578,General,CLM3578,96280.03,Rejected,2023-12-24,,Low,Yes
POL1579,CUST2579,Life,CLM3579,152110.4,Pending,2024-03-20,,High,Yes
POL1580,CUST2580,Life,CLM3580,6453.67,Approved,2024-05-08,2024-06-15,High,No
POL1581,CUST2581,Life,CLM3581,38074.01,Pending,2025-06-20,,Medium,No
POL1582,CUST2582,Life,CLM3582,335230.21,Approved,2025-01-03,2025-02-22,Low,No
POL1583,CUST2583,Life,CLM3583,54317.03,Approved,2024-09-15,2024-10-16,Low,No
POL1584,CUST2584,Life,CLM3584,233635.07,Pending,2025-05-19,,Low,No
POL1585,CUST2585,General,CLM3585,340912.2,Rejected,2024-05-09,,Low,Yes
POL1586,CUST2586,General,CLM3586,409679.75,Pending,2024-01-06,,Low,Yes
POL1587,CUST2587,Life,CLM3587,343939.28,Pending,2024-03-24,,Low,No
POL1588,CUST2588,General,CLM3588,122522.25,Approved,2024-04-20,2024-05-08,High,No
POL1589,CUST2589,General,CLM3589,302616.89,Pending,2025-01-09,,Medium,Yes
POL1590,CUST2590,General,CLM3590,232955.4,Pending,2025-07-27,,Medium,Yes
POL1591,CUST2591,General,CLM3591,131366.99,Rejected,2025-01-26,,Medium,No
POL1592,CUST2592,General,CLM3592,462316.73,Pending,2024-11-16,,High,No
POL1593,CUST2593,Life,CLM3593,140114.97,Pending,2024-06-25,,Low,Yes
POL1594,CUST2594,General,CLM3594,471034.67,Approved,2024-10-21,2024-11-04,Low,No
POL1595,CUST2595,General,CLM3595,38873.74,Approved,2025-04-23,2025-05-02,Medium,No
POL1596,CUST2596,Life,CLM3596,367269.07,Pending,2024-11-25,,Low,Yes
POL1597,CUST2597,General,CLM3597,41853.98,Approved,2024-12-21,2025-01-01,Low,Yes
POL1598,CUST2598,Life,CLM3598,483353.74,Pending,2024-03-06,,Low,Yes
POL1599,CUST2599,General,CLM3599,32823.19,Approved,2023-08-26,2023-09-24,Low,No
POL1600,CUST2600,Life,CLM3600,374439.8,Rejected,2024-03-17,,High,No
POL1601,CUST2601,General,CLM3601,103960.6,Rejected,2023-10-07,,Low,Yes
POL1602,CUST2602,General,CLM3602,83508.08,Pending,2025-03-11,,Medium,Yes
POL1603,CUST2603,General,CLM3603,8428.55,Approved,2025-08-02,2025-08-31,Low,No
POL1604,CUST2604,Life,CLM3604,388589.67,Pending,2025-07-14,,High,No
POL1605,CUST2605,General,CLM3605,434524.75,Approved,2023-12-15,2024-01-04,Low,Yes
POL1606,CUST2606,Life,CLM3606,288642.91,Pending,2025-02-12,,Low,No
POL1607,CUST2607,Life,CLM3607,345154.52,Approved,2024-02-28,2024-03-21,High,No
POL1608,CUST2608,General,CLM3608,493210.76,Approved,2025-07-29,2025-08-03,High,Yes
POL1609,CUST2609,Life,CLM3609,236096.79,Approved,2024-01-08,2024-02-16,High,No
POL1610,CUST2610,Life,CLM3610,103625.11,Approved,2025-01-07,2025-01-23,Medium,No
POL1611,CUST2611,Life,CLM3611,117400.59,Rejected,2024-04-17,,High,No
POL1612,CUST2612,Life,CLM3612,219878.62,Rejected,2023-11-06,,Medium,No
POL1613,CUST2613,Life,CLM3613,414221.49,Pending,2024-11-19,,High,Yes
POL1614,CUST2614,General,CLM3614,394881.77,Approved,2023-11-01,2023-11-16,Medium,No
POL1615,CUST2615,General,CLM3615,127190.23,Approved,2024-04-22,2024-05-14,High,Yes
POL1616,CUST2616,General,CLM3616,172295.04,Approved,2024-06-01,2024-07-04,Medium,Yes
POL1617,CUST2617,General,CLM3617,12658.35,Pending,2024-05-22,,High,Yes
POL1618,CUST2618,Life,CLM3618,144298.15,Pending,2024-08-01,,Low,No
POL1619,CUST2619,Life,CLM3619,33550.55,Rejected,2024-06-09,,Medium,No
POL1620,CUST2620,General,CLM3620,290918.87,Approved,2024-02-08,2024-03-17,High,No
POL1621,CUST2621,General,CLM3621,436106.86,Pending,2024-01-17,,High,Yes
POL1622,CUST2622,General,CLM3622,490346.67,Rejected,2025-05-06,,High,Yes
POL1623,CUST2623,General,CLM3623,379892.09,Rejected,2024-11-24,,Medium,No
POL1624,CUST2624,Life,CLM3624,199605.08,Pending,2023-11-26,,High,No
POL1625,CUST2625,General,CLM3625,407125.77,Pending,2025-02-13,,Low,No
POL1626,CUST2626,General,CLM3626,487864.27,Approved,2024-03-08,2024-04-23,Low,Yes
POL1627,CUST2627,General,CLM3627,116452.97,Pending,2024-10-26,,High,No
POL1628,CUST2628,General,CLM3628,479857.6,Rejected,2023-12-12,,Medium,Yes
POL1629,CUST2629,General,CLM3629,268451.87,Approved,2023-09-12,2023-09-17,Medium,No
POL1630,CUST2630,Life,CLM3630,482502.42,Approved,2024-11-30,2024-12-18,High,No
POL1631,CUST2631,General,CLM3631,499283.55,Rejected,2024-02-11,,Low,Yes
POL1632,CUST2632,General,CLM3632,14530.51,Approved,2025-06-07,2025-06-29,Low,Yes
POL1633,CUST2633,General,CLM3633,26301.59,Rejected,2023-10-25,,Medium,No
POL1634,CUST2634,Life,CLM3634,126992.07,Rejected,2023-09-15,,Medium,Yes
POL1635,CUST2635,General,CLM3635,312308.85,Rejected,2025-03-14,,Low,Yes
POL1636,CUST2636,General,CLM3636,70009.04,Rejected,2024-07-20,,Low,Yes
POL1637,CUST2637,Life,CLM3637,76238.65,Rejected,2024-04-01,,Medium,No
POL1638,CUST2638,Life,CLM3638,234913.61,Rejected,2024-11-06,,High,Yes
POL1639,CUST2639,General,CLM3639,468244.42,Rejected,2024-06-27,,High,No
POL1640,CUST2640,Life,CLM3640,231329.27,Approved,2025-05-28,2025-07-06,High,No
POL1641,CUST2641,Life,CLM3641,452781.96,Approved,2023-09-10,2023-11-06,High,Yes
POL1642,CUST2642,Life,CLM3642,297589.89,Rejected,2024-04-19,,Low,Yes
POL1643,CUST2643,Life,CLM3643,199502.2,Rejected,2025-02-26,,High,No
POL1644,CUST2644,General,CLM3644,304667.48,Approved,2024-12-22,2024-12-28,High,No
POL1645,CUST2645,Life,CLM3645,304240.21,Approved,2024-01-23,2024-03-17,Medium,Yes
POL1646,CUST2646,Life,CLM3646,208909.51,Pending,2024-01-15,,Medium,Yes
POL1647,CUST2647,Life,CLM3647,369789.36,Pending,2025-02-27,,High,No
POL1648,CUST2648,Life,CLM3648,31553.66,Rejected,2024-10-13,,High,Yes
POL1649,CUST2649,General,CLM3649,250102.26,Approved,2025-01-09,2025-01-29,Medium,Yes
POL1650,CUST2650,General,CLM3650,257133.19,Approved,2024-03-01,2024-03-18,High,No
POL1651,CUST2651,General,CLM3651,446356.27,Approved,2025-08-11,2025-09-24,Low,Yes
POL1652,CUST2652,Life,CLM3652,85825.94,Pending,2024-12-05,,Medium,No
POL1653,CUST2653,General,CLM3653,467584.1,Pending,2024-02-04,,High,Yes
POL1654,CUST2654,General,CLM3654,495457.53,Rejected,2025-05-17,,Medium,No
POL1655,CUST2655,General,CLM3655,477967.27,Rejected,2023-12-25,,Medium,Yes
POL1656,CUST2656,Life,CLM3656,38354.34,Pending,2024-07-28,,High,No
POL1657,CUST2657,General,CLM3657,73502.13,Approved,2025-03-05,2025-03-12,High,Yes
POL1658,CUST2658,Life,CLM3658,76193.22,Rejected,2023-12-29,,Low,No
POL1659,CUST2659,Life,CLM3659,113408.08,Pending,2025-07-14,,Low,Yes
POL1660,CUST2660,General,CLM3660,454812.34,Pending,2024-02-05,,Low,No
POL1661,CUST2661,Life,CLM3661,87877.53,Rejected,2024-10-07,,Medium,Yes
POL1662,CUST2662,General,CLM3662,187498.55,Rejected,2024-12-04,,High,Yes
POL1663,CUST2663,General,CLM3663,176470.23,Rejected,2023-08-21,,Medium,Yes
POL1664,CUST2664,Life,CLM3664,271531.22,Approved,2023-11-08,2023-11-13,High,No
POL1665,CUST2665,Life,CLM3665,393902.81,Approved,2023-09-12,2023-09-17,High,No
POL1666,CUST2666,General,CLM3666,290873.34,Rejected,2024-01-18,,High,No
POL1667,CUST2667,Life,CLM3667,397878.43,Rejected,2024-04-01,,Medium,No
POL1668,CUST2668,Life,CLM3668,10686.46,Pending,2023-10-21,,Low,No
POL1669,CUST2669,General,CLM3669,163047.26,Rejected,2024-05-21,,Low,No
POL1670,CUST2670,General,CLM3670,35910.71,Pending,2024-04-26,,Low,Yes
POL1671,CUST2671,Life,CLM3671,109046.25,Approved,2023-08-29,2023-09-25,Medium,No
POL1672,CUST2672,Life,CLM3672,436590.02,Approved,2025-05-29,2025-07-24,Medium,No
POL1673,CUST2673,Life,CLM3673,114389.77,Rejected,2024-06-14,,Medium,Yes
POL1674,CUST2674,General,CLM3674,380221.0,Approved,2024-05-12,2024-06-03,High,Yes
POL1675,CUST2675,General,CLM3675,475115.18,Pending,2025-03-07,,Medium,Yes
POL1676,CUST2676,Life,CLM3676,480743.78,Rejected,2023-12-29,,Low,Yes
POL1677,CUST2677,Life,CLM3677,357346.6,Approved,2024-09-03,2024-09-27,High,Yes
POL1678,CUST2678,Life,CLM3678,90851.0,Rejected,2024-07-31,,High,Yes
POL1679,CUST2679,General,CLM3679,310156.72,Pending,2025-07-27,,Low,No
POL1680,CUST2680,Life,CLM3680,230528.45,Approved,2024-04-28,2024-06-02,High,No
POL1681,CUST2681,General,CLM3681,36722.84,Approved,2025-07-31,2025-08-27,Low,Yes
POL1682,CUST2682,General,CLM3682,338259.86,Rejected,2024-12-09,,Low,Yes
POL1683,CUST2683,General,CLM3683,396419.74,Pending,2024-08-29,,Low,Yes
POL1684,CUST2684,Life,CLM3684,70337.06,Pending,2024-08-14,,Low,No
POL1685,CUST2685,General,CLM3685,482474.6,Rejected,2024-11-10,,Medium,No
POL1686,CUST2686,General,CLM3686,29020.97,Approved,2025-05-26,2025-06-27,Medium,No
POL1687,CUST2687,General,CLM3687,107759.71,Approved,2024-05-19,2024-07-14,High,Yes
POL1688,CUST2688,Life,CLM3688,193156.48,Rejected,2024-04-25,,Medium,Yes
POL1689,CUST2689,Life,CLM3689,38208.92,Pending,2023-08-26,,Medium,Yes
POL1690,CUST2690,General,CLM3690,231264.17,Pending,2023-08-19,,Low,Yes
POL1691,CUST2691,Life,CLM3691,109522.12,Pending,2025-02-07,,Low,Yes
POL1692,CUST2692,General,CLM3692,31741.13,Pending,2023-08-20,,Low,No
POL1693,CUST2693,General,CLM3693,328243.85,Pending,2025-08-01,,High,No
POL1694,CUST2694,General,CLM3694,186814.55,Pending,2024-06-20,,Medium,Yes
POL1695,CUST2695,General,CLM3695,371483.23,Approved,2024-10-16,2024-12-14,Low,Yes
POL1696,CUST2696,Life,CLM3696,393317.8,Approved,2023-12-22,2023-12-31,High,No
POL1697,CUST2697,General,CLM3697,304676.26,Rejected,2025-03-12,,Low,No
POL1698,CUST2698,General,CLM3698,326530.71,Approved,2024-03-14,2024-05-04,High,Yes
POL1699,CUST2699,General,CLM3699,341531.1,Pending,2025-01-29,,High,Yes
POL1700,CUST2700,Life,CLM3700,177489.71,Rejected,2023-10-28,,Low,No
POL1701,CUST2701,Life,CLM3701,479195.18,Approved,2023-08-31,2023-10-15,Medium,Yes
POL1702,CUST2702,General,CLM3702,456732.02,Approved,2025-02-19,2025-04-01,Low,No
POL1703,CUST2703,Life,CLM3703,236206.77,Pending,2024-07-21,,High,Yes
POL1704,CUST2704,Life,CLM3704,478894.38,Approved,2024-03-14,2024-03-21,Low,Yes
POL1705,CUST2705,Life,CLM3705,141003.41,Pending,2023-12-28,,Low,No
POL1706,CUST2706,Life,CLM3706,482299.91,Rejected,2024-10-24,,Medium,No
POL1707,CUST2707,General,CLM3707,172384.05,Approved,2024-05-05,2024-07-01,Low,Yes
POL1708,CUST2708,General,CLM3708,108154.06,Approved,2024-09-09,2024-10-21,Medium,Yes
POL1709,CUST2709,Life,CLM3709,409455.9,Approved,2025-02-13,2025-02-22,Low,Yes
POL1710,CUST2710,General,CLM3710,437677.71,Pending,2024-11-16,,High,No
POL1711,CUST2711,Life,CLM3711,238755.77,Pending,2025-02-12,,High,Yes
POL1712,CUST2712,General,CLM3712,238686.89,Rejected,2025-06-28,,High,Yes
POL1713,CUST2713,General,CLM3713,211932.03,Rejected,2024-06-16,,High,No
POL1714,CUST2714,Life,CLM3714,16044.79,Rejected,2025-07-06,,High,No
POL1715,CUST2715,Life,CLM3715,329821.99,Pending,2023-10-21,,Low,No
POL1716,CUST2716,General,CLM3716,389320.36,Approved,2023-11-14,2023-12-21,High,No
POL1717,CUST2717,Life,CLM3717,112508.5,Rejected,2024-07-27,,Low,Yes
POL1718,CUST2718,General,CLM3718,438893.1,Approved,2024-09-11,2024-10-15,High,Yes
POL1719,CUST2719,General,CLM3719,487006.52,Rejected,2024-01-19,,Medium,No
POL1720,CUST2720,General,CLM3720,270768.73,Pending,2024-06-27,,High,Yes
POL1721,CUST2721,General,CLM3721,411601.3,Approved,2023-10-02,2023-12-01,High,Yes
POL1722,CUST2722,General,CLM3722,16513.32,Pending,2025-02-22,,High,No
POL1723,CUST2723,Life,CLM3723,377233.17,Pending,2025-02-14,,Low,No
POL1724,CUST2724,Life,CLM3724,132465.86,Pending,2024-01-28,,Low,Yes
POL1725,CUST2725,Life,CLM3725,249374.17,Pending,2023-08-25,,Medium,No
POL1726,CUST2726,Life,CLM3726,114511.14,Approved,2024-10-18,2024-10-30,Low,No
POL1727,CUST2727,General,CLM3727,65170.33,Pending,2024-08-07,,Medium,Yes
POL1728,CUST2728,General,CLM3728,75630.72,Pending,2024-09-12,,High,No
POL1729,CUST2729,Life,CLM3729,77347.63,Approved,2024-12-26,2025-01-20,Medium,No
POL1730,CUST2730,General,CLM3730,459284.1,Pending,2024-11-02,,Low,No
POL1731,CUST2731,Life,CLM3731,304603.24,Pending,2024-06-18,,Low,No
POL1732,CUST2732,Life,CLM3732,147876.5,Pending,2024-02-02,,High,Yes
POL1733,CUST2733,General,CLM3733,381385.62,Approved,2024-07-03,2024-07-31,Low,Yes
POL1734,CUST2734,General,CLM3734,156532.2,Pending,2025-04-29,,High,Yes
POL1735,CUST2735,General,CLM3735,161258.5,Approved,2024-04-25,2024-05-11,Medium,No
POL1736,CUST2736,General,CLM3736,199847.46,Rejected,2025-05-06,,Medium,No
POL1737,CUST2737,General,CLM3737,495390.84,Pending,2023-10-19,,Medium,Yes
POL1738,CUST2738,General,CLM3738,186524.9,Pending,2025-05-20,,High,Yes
POL1739,CUST2739,General,CLM3739,158176.47,Pending,2024-12-22,,Low,No
POL1740,CUST2740,General,CLM3740,233956.59,Approved,2023-08-15,2023-10-14,High,Yes
POL1741,CUST2741,Life,CLM3741,8292.12,Rejected,2024-05-12,,Medium,No
POL1742,CUST2742,Life,CLM3742,242164.68,Pending,2024-09-11,,Low,No
POL1743,CUST2743,General,CLM3743,176393.96,Approved,2024-11-06,2025-01-03,Medium,Yes
POL1744,CUST2744,Life,CLM3744,498291.26,Pending,2025-04-06,,Medium,Yes
POL1745,CUST2745,Life,CLM3745,110762.74,Approved,2024-05-08,2024-06-24,Medium,Yes
POL1746,CUST2746,General,CLM3746,179723.38,Pending,2024-09-21,,High,No
POL1747,CUST2747,General,CLM3747,247915.37,Pending,2024-10-17,,Low,Yes
POL1748,CUST2748,General,CLM3748,89604.77,Approved,2024-07-25,2024-09-08,High,No
POL1749,CUST2749,Life,CLM3749,471820.91,Approved,2024-02-14,2024-03-22,Medium,No
POL1750,CUST2750,General,CLM3750,190534.64,Rejected,2024-02-07,,Medium,No
POL1751,CUST2751,Life,CLM3751,315546.55,Pending,2024-03-28,,Low,Yes
POL1752,CUST2752,Life,CLM3752,159027.42,Pending,2023-09-22,,Medium,Yes
POL1753,CUST2753,General,CLM3753,160709.36,Approved,2025-01-08,2025-01-22,Medium,No
POL1754,CUST2754,Life,CLM3754,267641.51,Pending,2025-01-04,,Low,No
POL1755,CUST2755,General,CLM3755,54515.93,Approved,2025-08-04,2025-08-10,High,Yes
POL1756,CUST2756,General,CLM3756,146374.74,Rejected,2023-10-10,,Low,Yes
POL1757,CUST2757,General,CLM3757,253279.47,Rejected,2024-01-17,,Low,Yes
POL1758,CUST2758,General,CLM3758,68968.1,Rejected,2023-11-14,,Low,Yes
POL1759,CUST2759,Life,CLM3759,45161.95,Rejected,2025-03-20,,Medium,Yes
POL1760,CUST2760,General,CLM3760,357464.29,Pending,2024-12-16,,High,No
POL1761,CUST2761,General,CLM3761,414751.86,Pending,2025-04-09,,Medium,No
POL1762,CUST2762,Life,CLM3762,289757.35,Pending,2024-06-15,,Medium,No
POL1763,CUST2763,General,CLM3763,125514.31,Approved,2024-06-20,2024-07-22,Low,No
POL1764,CUST2764,General,CLM3764,351845.6,Pending,2024-08-03,,High,Yes
POL1765,CUST2765,General,CLM3765,258598.08,Approved,2023-12-01,2023-12-26,High,No
POL1766,CUST2766,Life,CLM3766,213520.29,Approved,2024-05-25,2024-06-26,High,Yes
POL1767,CUST2767,Life,CLM3767,472254.41,Rejected,2024-11-09,,Low,Yes
POL1768,CUST2768,Life,CLM3768,496605.29,Pending,2024-12-09,,Low,Yes
POL1769,CUST2769,Life,CLM3769,429011.59,Pending,2025-06-18,,Low,Yes
POL1770,CUST2770,General,CLM3770,418747.23,Pending,2023-10-30,,High,Yes
POL1771,CUST2771,General,CLM3771,475156.47,Approved,2024-09-06,2024-10-30,High,No
POL1772,CUST2772,Life,CLM3772,21090.36,Rejected,2025-03-23,,High,Yes
POL1773,CUST2773,General,CLM3773,312147.68,Pending,2023-10-19,,High,Yes
POL1774,CUST2774,General,CLM3774,218729.13,Rejected,2025-06-28,,High,No
POL1775,CUST2775,General,CLM3775,352811.74,Rejected,2025-02-01,,High,Yes
POL1776,CUST2776,Life,CLM3776,143900.11,Approved,2023-11-02,2023-12-11,High,Yes
POL1777,CUST2777,General,CLM3777,96525.24,Approved,2024-06-17,2024-07-15,Medium,No
POL1778,CUST2778,General,CLM3778,467924.81,Pending,2023-12-24,,High,Yes
POL1779,CUST2779,General,CLM3779,382338.82,Pending,2024-05-30,,Low,No
POL1780,CUST2780,Life,CLM3780,90343.39,Pending,2023-11-02,,Low,Yes
POL1781,CUST2781,General,CLM3781,55435.97,Pending,2024-07-11,,High,No
POL1782,CUST2782,General,CLM3782,207783.92,Pending,2025-06-19,,Low,No
POL1783,CUST2783,General,CLM3783,76040.94,Approved,2023-10-20,2023-12-02,High,No
POL1784,CUST2784,Life,CLM3784,469854.34,Rejected,2024-11-21,,High,No
POL1785,CUST2785,General,CLM3785,126022.54,Pending,2024-04-21,,Medium,No
POL1786,CUST2786,General,CLM3786,369237.58,Approved,2024-09-05,2024-09-12,Medium,Yes
POL1787,CUST2787,General,CLM3787,391328.42,Approved,2025-06-30,2025-07-07,Low,No
POL1788,CUST2788,General,CLM3788,227364.58,Pending,2025-05-19,,Low,Yes
POL1789,CUST2789,Life,CLM3789,248558.53,Approved,2023-12-26,2024-01-24,Medium,Yes
POL1790,CUST2790,General,CLM3790,434408.54,Approved,2024-02-21,2024-03-10,Low,Yes
POL1791,CUST2791,Life,CLM3791,159668.16,Pending,2025-04-12,,High,No
POL1792,CUST2792,Life,CLM3792,35157.24,Pending,2025-03-09,,Low,Yes
POL1793,CUST2793,General,CLM3793,45474.12,Approved,2024-02-05,2024-02-23,High,Yes
POL1794,CUST2794,Life,CLM3794,243141.7,Approved,2023-09-19,2023-10-11,High,No
POL1795,CUST2795,General,CLM3795,183886.75,Rejected,2023-12-06,,High,Yes
POL1796,CUST2796,Life,CLM3796,202012.25,Rejected,2025-06-26,,Low,Yes
POL1797,CUST2797,Life,CLM3797,474984.03,Approved,2023-10-03,2023-10-12,Low,Yes
POL1798,CUST2798,Life,CLM3798,199614.35,Rejected,2023-12-15,,Medium,Yes
POL1799,CUST2799,General,CLM3799,373478.37,Approved,2024-12-11,2025-02-06,High,Yes
POL1800,CUST2800,Life,CLM3800,449226.82,Rejected,2025-03-27,,Medium,No
POL1801,CUST2801,General,CLM3801,34355.03,Rejected,2024-02-27,,High,No
POL1802,CUST2802,Life,CLM3802,177031.45,Approved,2024-07-16,2024-09-10,Medium,Yes
POL1803,CUST2803,Life,CLM3803,264092.82,Rejected,2025-03-31,,Low,No
POL1804,CUST2804,General,CLM3804,347512.52,Approved,2024-09-17,2024-10-31,Low,No
POL1805,CUST2805,Life,CLM3805,395739.15,Approved,2024-02-08,2024-03-22,Low,Yes
POL1806,CUST2806,General,CLM3806,406142.45,Rejected,2025-06-04,,Low,No
POL1807,CUST2807,Life,CLM3807,209482.97,Pending,2023-08-15,,Medium,Yes
POL1808,CUST2808,General,CLM3808,172633.2,Pending,2025-03-31,,Low,Yes
POL1809,CUST2809,General,CLM3809,63545.14,Rejected,2024-11-30,,High,No
POL1810,CUST2810,Life,CLM3810,53543.31,Pending,2024-09-13,,Low,Yes
POL1811,CUST2811,General,CLM3811,275413.37,Approved,2025-02-05,2025-03-11,High,No
POL1812,CUST2812,Life,CLM3812,329940.91,Approved,2024-12-06,2025-01-05,Low,No
POL1813,CUST2813,General,CLM3813,212516.45,Pending,2024-10-18,,Low,No
POL1814,CUST2814,Life,CLM3814,449568.44,Approved,2025-07-06,2025-08-12,Medium,Yes
POL1815,CUST2815,Life,CLM3815,150924.9,Rejected,2023-11-19,,High,Yes
POL1816,CUST2816,Life,CLM3816,18883.34,Approved,2025-05-18,2025-07-04,High,Yes
POL1817,CUST2817,General,CLM3817,32473.21,Rejected,2025-08-02,,Low,Yes
POL1818,CUST2818,Life,CLM3818,23563.36,Rejected,2023-12-15,,High,Yes
POL1819,CUST2819,General,CLM3819,222487.59,Rejected,2023-08-24,,Low,No
POL1820,CUST2820,General,CLM3820,226764.22,Pending,2024-11-03,,High,Yes
POL1821,CUST2821,General,CLM3821,9601.35,Pending,2024-12-22,,Medium,Yes
POL1822,CUST2822,General,CLM3822,125597.77,Pending,2025-04-11,,Low,No
POL1823,CUST2823,General,CLM3823,431790.0,Rejected,2023-12-05,,Low,No
POL1824,CUST2824,General,CLM3824,363497.01,Approved,2023-09-12,2023-09-25,Medium,No
POL1825,CUST2825,General,CLM3825,351703.64,Pending,2024-07-09,,High,No
POL1826,CUST2826,Life,CLM3826,66662.65,Rejected,2023-09-09,,High,No
POL1827,CUST2827,General,CLM3827,209726.11,Approved,2024-06-14,2024-08-07,High,Yes
POL1828,CUST2828,General,CLM3828,204790.9,Rejected,2024-03-06,,Low,No
POL1829,CUST2829,General,CLM3829,269883.32,Approved,2025-02-07,2025-03-11,Medium,No
POL1830,CUST2830,Life,CLM3830,192748.39,Rejected,2025-01-10,,Medium,Yes
POL1831,CUST2831,Life,CLM3831,258578.43,Rejected,2024-07-10,,Medium,Yes
POL1832,CUST2832,General,CLM3832,394149.14,Approved,2024-09-19,2024-09-24,Medium,Yes
POL1833,CUST2833,Life,CLM3833,392968.23,Approved,2024-11-26,2025-01-09,High,No
POL1834,CUST2834,Life,CLM3834,460689.43,Pending,2025-06-23,,Medium,Yes
POL1835,CUST2835,General,CLM3835,290835.94,Pending,2025-04-16,,Medium,No
POL1836,CUST2836,General,CLM3836,80310.24,Approved,2024-05-26,2024-06-14,Low,No
POL1837,CUST2837,General,CLM3837,299786.24,Rejected,2024-11-14,,Low,Yes
POL1838,CUST2838,General,CLM3838,92310.15,Rejected,2024-06-09,,Low,Yes
POL1839,CUST2839,Life,CLM3839,147290.25,Rejected,2023-09-10,,High,No
POL1840,CUST2840,Life,CLM3840,344873.22,Rejected,2024-04-21,,High,No
POL1841,CUST2841,General,CLM3841,236136.33,Pending,2025-03-23,,Low,Yes
POL1842,CUST2842,Life,CLM3842,142685.81,Pending,2024-05-28,,Medium,No
POL1843,CUST2843,General,CLM3843,113239.99,Pending,2023-10-08,,Low,No
POL1844,CUST2844,General,CLM3844,134713.38,Rejected,2023-10-13,,Medium,Yes
POL1845,CUST2845,Life,CLM3845,412234.19,Rejected,2024-09-15,,Medium,No
POL1846,CUST2846,Life,CLM3846,182253.04,Rejected,2023-10-15,,Medium,No
POL1847,CUST2847,General,CLM3847,482412.51,Approved,2023-08-28,2023-10-11,Medium,No
POL1848,CUST2848,Life,CLM3848,389479.59,Rejected,2024-02-21,,Low,Yes
POL1849,CUST2849,Life,CLM3849,247733.77,Pending,2025-07-16,,Medium,No
POL1850,CUST2850,General,CLM3850,93003.63,Approved,2024-01-30,2024-03-04,High,Yes
POL1851,CUST2851,Life,CLM3851,242440.58,Pending,2024-05-14,,Low,Yes
POL1852,CUST2852,General,CLM3852,196721.55,Rejected,2024-12-28,,Low,No
POL1853,CUST2853,General,CLM3853,151435.35,Rejected,2025-04-10,,High,No
POL1854,CUST2854,General,CLM3854,291864.76,Approved,2025-08-02,2025-08-17,Low,No
POL1855,CUST2855,General,CLM3855,165739.56,Approved,2025-03-12,2025-04-14,High,Yes
POL1856,CUST2856,General,CLM3856,134425.21,Rejected,2024-07-10,,Low,No
POL1857,CUST2857,Life,CLM3857,136156.81,Approved,2024-09-19,2024-09-26,Medium,Yes
POL1858,CUST2858,General,CLM3858,98567.89,Pending,2024-12-17,,Medium,Yes
POL1859,CUST2859,Life,CLM3859,113226.0,Rejected,2025-07-07,,High,No
POL1860,CUST2860,General,CLM3860,339415.85,Approved,2024-10-26,2024-11-08,High,No
POL1861,CUST2861,General,CLM3861,286387.55,Approved,2024-12-08,2024-12-18,Low,No
POL1862,CUST2862,Life,CLM3862,420825.13,Pending,2024-03-03,,Low,Yes
POL1863,CUST2863,General,CLM3863,17871.06,Rejected,2023-10-14,,Low,Yes
POL1864,CUST2864,General,CLM3864,302017.92,Rejected,2025-08-13,,Medium,Yes
POL1865,CUST2865,General,CLM3865,39652.74,Pending,2025-06-23,,High,No
POL1866,CUST2866,General,CLM3866,183815.88,Approved,2024-10-21,2024-12-12,High,Yes
POL1867,CUST2867,General,CLM3867,429910.27,Rejected,2024-11-20,,High,Yes
POL1868,CUST2868,General,CLM3868,137935.54,Approved,2025-06-13,2025-06-24,Medium,No
POL1869,CUST2869,General,CLM3869,426460.85,Pending,2024-03-26,,High,No
POL1870,CUST2870,Life,CLM3870,136962.84,Pending,2024-07-11,,High,Yes
POL1871,CUST2871,Life,CLM3871,268727.13,Approved,2025-06-16,2025-07-16,Medium,No
POL1872,CUST2872,General,CLM3872,50429.38,Approved,2024-08-16,2024-09-06,Low,Yes
POL1873,CUST2873,Life,CLM3873,87505.81,Approved,2025-07-07,2025-07-18,High,No
POL1874,CUST2874,Life,CLM3874,219817.05,Pending,2024-01-05,,Medium,Yes
POL1875,CUST2875,Life,CLM3875,489592.83,Approved,2024-05-22,2024-06-21,Medium,No
POL1876,CUST2876,Life,CLM3876,394917.4,Rejected,2024-02-17,,Low,Yes
POL1877,CUST2877,Life,CLM3877,113935.46,Approved,2024-10-06,2024-11-10,Low,Yes
POL1878,CUST2878,Life,CLM3878,380897.02,Approved,2023-09-22,2023-10-05,Medium,No
POL1879,CUST2879,General,CLM3879,359528.19,Rejected,2025-04-17,,Medium,Yes
POL1880,CUST2880,General,CLM3880,391895.43,Approved,2024-03-04,2024-04-30,Medium,Yes
POL1881,CUST2881,General,CLM3881,379393.76,Rejected,2024-06-10,,Low,Yes
POL1882,CUST2882,Life,CLM3882,378426.7,Pending,2024-09-17,,Low,No
POL1883,CUST2883,Life,CLM3883,17790.94,Approved,2024-11-27,2025-01-25,Low,Yes
POL1884,CUST2884,Life,CLM3884,235685.36,Approved,2025-05-23,2025-06-20,High,No
POL1885,CUST2885,Life,CLM3885,157767.15,Pending,2025-02-23,,Medium,Yes
POL1886,CUST2886,General,CLM3886,173461.35,Rejected,2024-01-02,,Medium,No
POL1887,CUST2887,Life,CLM3887,38350.74,Pending,2023-12-31,,Low,Yes
POL1888,CUST2888,Life,CLM3888,495217.85,Pending,2024-10-08,,Medium,Yes
POL1889,CUST2889,General,CLM3889,50986.89,Approved,2024-05-12,2024-05-21,Medium,No
POL1890,CUST2890,Life,CLM3890,436492.11,Pending,2024-12-28,,Medium,Yes
POL1891,CUST2891,Life,CLM3891,456028.82,Pending,2024-05-10,,High,No
POL1892,CUST2892,General,CLM3892,182446.9,Pending,2023-10-22,,High,Yes
POL1893,CUST2893,General,CLM3893,24519.91,Pending,2024-04-16,,High,Yes
POL1894,CUST2894,General,CLM3894,462253.68,Rejected,2023-09-13,,High,Yes
POL1895,CUST2895,Life,CLM3895,469871.62,Approved,2024-06-02,2024-06-12,Medium,No
POL1896,CUST2896,Life,CLM3896,295608.02,Pending,2024-01-30,,Low,Yes
POL1897,CUST2897,Life,CLM3897,206674.12,Rejected,2023-11-23,,Low,No
POL1898,CUST2898,General,CLM3898,135317.43,Approved,2024-10-23,2024-12-08,Low,Yes
POL1899,CUST2899,Life,CLM3899,92278.55,Pending,2025-01-01,,High,No
POL1900,CUST2900,General,CLM3900,213994.53,Approved,2025-03-02,2025-04-18,Medium,No
POL1901,CUST2901,Life,CLM3901,491710.88,Approved,2024-09-29,2024-10-18,Low,No
POL1902,CUST2902,Life,CLM3902,14152.19,Pending,2023-10-26,,Low,Yes
POL1903,CUST2903,Life,CLM3903,28369.23,Rejected,2024-10-19,,Low,Yes
POL1904,CUST2904,Life,CLM3904,102891.01,Approved,2024-08-14,2024-10-04,High,Yes
POL1905,CUST2905,Life,CLM3905,21516.29,Rejected,2024-01-10,,Low,No
POL1906,CUST2906,Life,CLM3906,336348.69,Pending,2023-09-17,,Medium,No
POL1907,CUST2907,General,CLM3907,259486.92,Rejected,2025-01-14,,Low,No
POL1908,CUST2908,Life,CLM3908,203309.6,Approved,2024-12-12,2025-01-06,High,Yes
POL1909,CUST2909,Life,CLM3909,122887.76,Approved,2024-09-14,2024-10-09,Low,Yes
POL1910,CUST2910,General,CLM3910,465997.67,Rejected,2024-03-22,,Low,No
POL1911,CUST2911,General,CLM3911,95108.39,Pending,2024-06-10,,High,Yes
POL1912,CUST2912,Life,CLM3912,478373.65,Approved,2023-08-20,2023-09-23,Low,Yes
POL1913,CUST2913,General,CLM3913,477251.58,Rejected,2023-12-03,,High,No
POL1914,CUST2914,Life,CLM3914,305218.82,Rejected,2024-09-12,,High,Yes
POL1915,CUST2915,General,CLM3915,421577.54,Pending,2024-09-19,,High,Yes
POL1916,CUST2916,Life,CLM3916,254478.1,Rejected,2025-04-16,,High,No
POL1917,CUST2917,General,CLM3917,347192.53,Pending,2024-09-28,,High,No
POL1918,CUST2918,General,CLM3918,431802.9,Pending,2024-08-02,,Medium,No
POL1919,CUST2919,General,CLM3919,396547.71,Approved,2024-10-30,2024-11-18,Medium,No
POL1920,CUST2920,General,CLM3920,19973.78,Approved,2023-12-22,2024-02-18,Low,No
POL1921,CUST2921,General,CLM3921,117597.51,Pending,2023-09-01,,Low,No
POL1922,CUST2922,Life,CLM3922,392101.45,Approved,2023-09-27,2023-11-02,High,No
POL1923,CUST2923,Life,CLM3923,191127.6,Pending,2024-09-24,,Medium,Yes
POL1924,CUST2924,General,CLM3924,422259.68,Rejected,2025-06-17,,Low,Yes
POL1925,CUST2925,Life,CLM3925,68847.3,Rejected,2025-04-21,,Medium,Yes
POL1926,CUST2926,General,CLM3926,118363.41,Rejected,2023-10-25,,High,No
POL1927,CUST2927,Life,CLM3927,53341.41,Rejected,2025-07-23,,Low,No
POL1928,CUST2928,General,CLM3928,352236.21,Approved,2024-02-23,2024-03-23,Medium,Yes
POL1929,CUST2929,Life,CLM3929,252556.41,Pending,2024-02-29,,Medium,No
POL1930,CUST2930,Life,CLM3930,119044.39,Rejected,2023-11-24,,Medium,No
POL1931,CUST2931,General,CLM3931,56433.5,Pending,2024-06-02,,Low,No
POL1932,CUST2932,General,CLM3932,20899.81,Pending,2025-07-10,,Medium,No
POL1933,CUST2933,Life,CLM3933,165340.57,Rejected,2025-04-13,,Medium,Yes
POL1934,CUST2934,General,CLM3934,485937.5,Approved,2024-06-07,2024-06-12,Low,Yes
POL1935,CUST2935,Life,CLM3935,149352.51,Rejected,2024-12-28,,High,Yes
POL1936,CUST2936,General,CLM3936,338557.35,Rejected,2024-09-30,,Low,No
POL1937,CUST2937,Life,CLM3937,27501.48,Approved,2024-08-19,2024-10-04,Medium,Yes
POL1938,CUST2938,Life,CLM3938,402016.28,Rejected,2024-06-28,,Medium,Yes
POL1939,CUST2939,General,CLM3939,353588.51,Pending,2024-12-01,,High,No
POL1940,CUST2940,General,CLM3940,396850.97,Approved,2024-11-22,2025-01-21,High,No
POL1941,CUST2941,General,CLM3941,118233.39,Approved,2024-10-03,2024-11-28,Medium,No
POL1942,CUST2942,General,CLM3942,55297.91,Pending,2023-08-23,,High,Yes
POL1943,CUST2943,Life,CLM3943,109747.3,Rejected,2023-11-02,,Low,Yes
POL1944,CUST2944,Life,CLM3944,123039.85,Approved,2024-04-26,2024-05-16,Low,No
POL1945,CUST2945,General,CLM3945,496331.36,Rejected,2023-09-19,,High,No
POL1946,CUST2946,General,CLM3946,144517.06,Pending,2023-12-15,,Low,Yes
POL1947,CUST2947,General,CLM3947,460625.96,Pending,2024-08-01,,High,No
POL1948,CUST2948,Life,CLM3948,328583.15,Pending,2023-10-16,,Medium,No
POL1949,CUST2949,Life,CLM3949,136554.91,Pending,2023-08-24,,Low,Yes
POL1950,CUST2950,Life,CLM3950,89337.28,Rejected,2025-03-12,,High,No
POL1951,CUST2951,Life,CLM3951,117641.36,Pending,2024-11-29,,Medium,No
POL1952,CUST2952,General,CLM3952,294817.92,Approved,2024-07-23,2024-08-02,Medium,No
POL1953,CUST2953,General,CLM3953,73087.37,Approved,2025-02-22,2025-03-04,Medium,Yes
POL1954,CUST2954,General,CLM3954,83963.79,Approved,2023-11-23,2023-12-27,Medium,No
POL1955,CUST2955,General,CLM3955,68764.58,Pending,2025-03-05,,High,Yes
POL1956,CUST2956,Life,CLM3956,17116.13,Approved,2024-03-16,2024-05-05,High,No
POL1957,CUST2957,General,CLM3957,47865.57,Approved,2024-01-13,2024-03-13,High,No
POL1958,CUST2958,Life,CLM3958,224264.83,Approved,2024-12-01,2025-01-19,Medium,No
POL1959,CUST2959,Life,CLM3959,187382.96,Approved,2025-08-07,2025-09-05,High,Yes
POL1960,CUST2960,Life,CLM3960,301767.18,Pending,2024-10-09,,High,Yes
POL1961,CUST2961,General,CLM3961,294949.7,Rejected,2025-02-05,,Medium,Yes
POL1962,CUST2962,General,CLM3962,217988.25,Pending,2023-08-16,,High,Yes
POL1963,CUST2963,Life,CLM3963,490571.41,Approved,2024-08-06,2024-09-15,Low,Yes
POL1964,CUST2964,General,CLM3964,47646.88,Approved,2024-03-06,2024-04-13,High,Yes
POL1965,CUST2965,General,CLM3965,347593.57,Pending,2025-07-07,,High,No
POL1966,CUST2966,Life,CLM3966,224762.72,Approved,2025-04-22,2025-05-16,Medium,No
POL1967,CUST2967,General,CLM3967,206196.24,Rejected,2023-09-04,,High,No
POL1968,CUST2968,Life,CLM3968,125686.16,Rejected,2024-02-13,,Low,No
POL1969,CUST2969,General,CLM3969,335985.08,Pending,2025-03-06,,Low,No
POL1970,CUST2970,General,CLM3970,275399.55,Approved,2025-06-12,2025-07-09,High,Yes
POL1971,CUST2971,Life,CLM3971,180350.99,Pending,2024-01-31,,Low,Yes
POL1972,CUST2972,General,CLM3972,433930.07,Approved,2024-04-21,2024-06-13,High,Yes
POL1973,CUST2973,Life,CLM3973,117757.2,Approved,2023-11-07,2024-01-06,Low,Yes
POL1974,CUST2974,General,CLM3974,497336.16,Rejected,2024-10-26,,Medium,No
POL1975,CUST2975,Life,CLM3975,31499.05,Pending,2024-11-08,,Low,Yes
POL1976,CUST2976,General,CLM3976,151949.55,Pending,2024-04-17,,High,Yes
POL1977,CUST2977,General,CLM3977,462461.54,Pending,2023-11-27,,Medium,No
POL1978,CUST2978,General,CLM3978,194408.24,Pending,2024-12-06,,Low,Yes
POL1979,CUST2979,Life,CLM3979,252657.58,Pending,2024-09-19,,Medium,No
POL1980,CUST2980,General,CLM3980,301290.42,Pending,2024-12-23,,Low,No
POL1981,CUST2981,Life,CLM3981,119174.9,Approved,2023-08-23,2023-08-30,Medium,No
POL1982,CUST2982,General,CLM3982,218918.32,Pending,2024-12-10,,Low,Yes
POL1983,CUST2983,Life,CLM3983,287072.83,Pending,2024-03-20,,High,No
POL1984,CUST2984,Life,CLM3984,63982.52,Approved,2025-03-02,2025-04-24,Medium,Yes
POL1985,CUST2985,Life,CLM3985,149658.78,Approved,2025-04-18,2025-04-29,Low,No
POL1986,CUST2986,General,CLM3986,270808.68,Rejected,2024-02-18,,Low,Yes
POL1987,CUST2987,General,CLM3987,178205.15,Pending,2025-05-28,,Low,Yes
POL1988,CUST2988,Life,CLM3988,490664.41,Pending,2024-12-07,,Medium,No
POL1989,CUST2989,General,CLM3989,137006.61,Approved,2024-08-17,2024-10-12,Medium,No
POL1990,CUST2990,General,CLM3990,473130.4,Rejected,2025-04-17,,Medium,No
POL1991,CUST2991,General,CLM3991,14050.51,Rejected,2024-11-13,,Medium,Yes
POL1992,CUST2992,Life,CLM3992,87960.25,Pending,2024-07-19,,Low,Yes
POL1993,CUST2993,General,CLM3993,10864.43,Rejected,2025-03-04,,High,Yes
POL1994,CUST2994,Life,CLM3994,157862.28,Pending,2023-09-21,,Low,Yes
POL1995,CUST2995,Life,CLM3995,417464.13,Approved,2024-10-19,2024-12-12,High,Yes
POL1996,CUST2996,General,CLM3996,395079.16,Pending,2024-12-03,,Medium,No
POL1997,CUST2997,Life,CLM3997,322573.14,Rejected,2023-09-10,,High,Yes
POL1998,CUST2998,General,CLM3998,188665.27,Pending,2024-02-22,,Medium,Yes
POL1999,CUST2999,General,CLM3999,334412.68,Pending,2024-01-05,,Medium,No
